1317384506.909266710,-5.44629,0.42628,9.77324,-0.00577763,-0.00398865,-0.000821781
1317384507.009266615,8.42903,0.451135,9.90518,-0.00597034,-0.00237699,0.00610128
1317384507.109266520,-1.19179,0.474919,9.76381,-0.0087829,-0.00301003,0.00829514
1317384507.209266424,-2.07372,0.427774,9.84167,-0.00383907,-0.00387075,0.00650284
1317384507.310081959,-0.0229556,0.408504,9.79184,-0.00438437,0.000719215,0.00592416
1317384507.409792662,-0.30274,0.308108,9.75355,-0.00386748,-8.41544e-05,0.00292884
1317384507.507512331,-2.68495,0.336442,9.84798,-0.00684603,-0.00737477,0.00324354
1317384507.607827902,3.24298,0.41961,9.83369,-0.0104654,-9.4992e-05,0.000510741
1317384507.708338737,10.0735,0.437917,9.83882,-0.00143596,-0.00275878,0.00603855
1317384507.807247162,3.223,0.40069,9.71067,0.00538572,0.00260881,0.00673915
1317384507.905972958,-3.16104,0.351514,9.65625,-0.00469323,-0.0028788,0.00607261
1317384508.005548477,-2.00299,0.472217,9.77688,-6.42086e-05,-0.0061655,0.00380376
1317384508.106971025,-3.17011,0.47819,9.82303,0.00118803,-0.0121981,0.0112854
1317384508.208668709,3.00442,0.443836,10.0116,-0.00595557,-0.00102951,0.00331414
1317384508.307897329,-39.8254,0.420324,9.3372,0.00309018,0.0101274,0.00458025
1317384508.407770872,-94.3261,0.411945,8.59982,0.00174997,-0.00560671,0.00111908
1317384508.509003162,317.182,0.524813,13.6124,0.00180653,-0.00172578,0.00726218
1317384508.608746052,-186.354,0.580261,7.54129,0.0076635,0.00705967,0.00924189
1317384508.705144405,1.47698,0.460547,9.55851,0.006432,0.0101027,0.00338351
1317384508.807441950,7.96996,0.48992,9.93576,0.00697503,-0.000705204,0.00945012
1317384508.906642199,-7.9359,0.442783,9.82,0.00323194,-0.00733221,0.0127624
1317384509.005864143,6.99162,0.518891,10.0697,0.00387773,-0.000952401,0.0138687
1317384509.106740475,-7.57168,0.474648,9.82735,0.00410967,-0.00559335,0.00909111
1317384509.206701517,-0.251334,0.444081,9.75035,0.0069457,-0.00102103,0.00473404
1317384509.306811094,6.64966,0.439477,9.73032,-0.00247165,0.00575396,0.00955952
1317384509.407036781,-4.25151,0.481884,9.80153,0.00780651,-0.00281427,0.00325435
1317384509.507200241,3.38352,0.46971,9.93428,0.00579218,0.00132908,0.00100302
1317384509.607144356,-3.88196,0.456477,9.65676,-0.00160662,0.00568954,-0.000941971
1317384509.707228899,-2.90725,0.408167,9.63744,-0.00494907,0.0150035,0.00296665
1317384509.807143211,2.94192,0.492189,9.64916,0.00294536,0.00511056,-0.00622445
1317384509.907124281,2.37794,0.491739,9.82466,-0.00613187,-0.00115036,-0.000289564
1317384510.007253408,1.88822,0.551079,9.79799,-0.00587192,0.00355882,-0.00471741
1317384510.107265234,-149.609,0.0609928,7.70493,-0.0143601,0.0108541,-0.00496717
1317384510.207182884,88.1712,0.607511,11.1676,0.0280072,-0.000546299,0.0027393
1317384510.307182789,259.405,0.371411,12.0371,-0.0194792,0.0541582,-0.0281529
1317384510.407705069,-199.728,-0.819395,6.07847,-0.00267036,0.0386362,-0.0156379
1317384510.507274151,-5.78938,0.115082,9.36523,0.00520815,0.0210425,-0.0135299
1317384510.607263565,3.11024,0.197136,9.56014,0.0147595,-0.0120863,-0.0116469
1317384510.707356930,3.43872,0.243766,10.0301,-0.000433255,-0.0179381,-0.00522129
1317384510.807304144,-5.6878,0.270947,10.0058,-0.0101386,-0.00776076,-0.00413836
1317384510.907369852,3.57092,0.215308,9.94338,0.00864842,-0.0080091,0.00411095
1317384511.007376909,-1.20571,0.408206,9.85947,0.00534792,-0.00576941,0.00381354
1317384511.107298136,-1.7674,0.466877,10.0073,-0.00265911,0.000182348,0.00822023
1317384511.207296133,6.12143,0.564932,10.0669,0.00374218,0.0130032,0.0106318
1317384511.307304859,-6.29353,0.54732,9.41001,-0.00629899,0.0104045,0.0137742
1317384511.407281876,5.17699,0.554305,9.73835,-0.00191977,0.000204451,0.00767095
1317384511.507371426,-270.267,-0.0936034,6.20263,-0.000829915,-0.00196774,-0.00468117
1317384511.607326269,457.465,1.08209,15.9238,-0.0053025,-0.00337671,-0.00434338
1317384511.707184792,-128.777,0.503087,8.23531,0.00517056,-0.00561917,0.0145148
1317384511.806545734,-106.99,0.157822,8.49514,0.00522452,-0.0105759,-0.00194228
1317384511.906914234,75.3,0.505681,10.8488,0.00932255,-0.000255171,0.00665942
1317384512.006820679,-10.7037,0.45917,9.17907,0.00133008,0.00453073,0.000957591
1317384512.106956482,-24.6647,0.44572,9.47352,-0.0063892,-0.0172263,0.00428016
1317384512.206967354,3.95611,0.437661,10.1339,-0.0122751,-0.0133022,0.00602007
1317384512.307060480,-1.04119,0.375287,9.88957,-0.0227021,-0.00411071,0.00148508
1317384512.407136679,-0.333734,0.326242,9.88125,-0.0191442,0.00290998,0.00101618
1317384512.507166624,-1.28813,0.205499,9.85633,-0.00828179,0.00755094,-0.00069563
1317384512.607184410,-3.70375,0.249359,9.7585,-0.00896409,0.00682682,-0.0135843
1317384512.707190037,3.70052,0.0146411,9.82758,-0.00879656,0.00379332,-0.018113
1317384512.807209730,2.31869,-0.217095,9.77163,0.00678782,-0.0109139,-0.021246
1317384512.907212019,-3.45337,-0.14411,9.85377,0.0121995,-0.029983,-0.023888
1317384513.007213116,-2.26476,0.0331676,10.3861,0.0173992,-0.0183378,-0.0221899
1317384513.107221365,-2.7232,0.087816,9.80549,0.00766714,0.0183744,-0.0288786
1317384513.207221985,-72.6526,-0.0277727,8.34931,-0.00491781,0.0106579,-0.0306109
1317384513.307215691,-236.707,-0.519095,5.66672,0.00309898,-0.0169275,0.034474
1317384513.407215595,701.216,0.329874,19.3599,0.00376603,-0.0316068,-0.06132
1317384513.507215500,-386.832,-3.21311,6.05584,0.00725805,-0.02952,-0.0874547
1317384513.607231140,-7.48614,0.0516087,10.0191,0.00673935,-0.0167614,-0.0304247
1317384513.707381010,2.41231,0.167569,9.95392,-0.00074535,0.0127841,-0.0302657
1317384513.807324886,5.15431,-0.118018,9.56844,-0.00378509,0.00735718,-0.0309251
1317384513.907379627,-2.91936,-0.211826,9.64357,0.00110009,-0.0118914,-0.0386048
1317384514.007370472,-2.03117,-0.0577651,10.0211,0.00673673,-0.0178274,-0.0357771
1317384514.107374907,-3.1796,-0.0695257,10.0224,0.00586041,-0.0163112,-0.0292971
1317384514.207369089,1.66354,0.0180748,9.95542,0.00490253,0.00753947,-0.0257107
1317384514.307369709,3.72068,0.00147595,9.7905,0.00854575,0.00769227,-0.028795
1317384514.407370329,-1.34098,-0.0272276,9.6501,0.00643484,0.0206094,-0.0234992
1317384514.507374048,0.995809,0.0264111,9.60281,0.00829765,0.0166927,-0.0280856
1317384514.607372761,-206.619,0.549088,6.91166,0.00502446,0.00235986,-0.0159901
1317384514.707369566,226.431,-0.295658,11.9467,-0.00631916,-0.019657,0.0300211
1317384514.807372570,158.22,-2.36734,12.4739,0.0271253,-0.0353602,-0.0723861
1317384514.907351971,-176.657,0.281696,8.40136,0.00575814,-0.0206803,-0.0269956
1317384515.007303476,-89.93,0.479856,9.24271,-0.000633587,-0.00818058,-0.00675893
1317384515.107324839,33.5672,0.150295,10.3975,-0.00287734,0.00642564,0.0115664
1317384515.207281590,199.317,-0.274146,11.6267,-0.00693249,0.0192929,0.00156282
1317384515.307249784,-142.735,0.928833,8.06536,0.00174143,0.018225,0.0109454
1317384515.407286406,2.08226,0.566964,9.66598,0.00295865,0.00805443,0.0244179
1317384515.507308245,-1.31064,0.674654,9.75974,-0.00979973,0.00839461,0.0281197
1317384515.607299328,1.62574,0.681334,9.78439,-0.011911,-0.000101517,0.0305797
1317384515.707323551,-5.42684,0.840584,9.76967,-0.00603164,-0.000357734,0.0303504
1317384515.807343721,2.36572,0.696156,9.97458,-0.00445439,0.00431838,0.0354144
1317384515.907336712,3.51738,0.7455,9.85268,-0.00435422,0.0116963,0.0416373
1317384516.007328749,2.02098,0.827006,9.74803,0.00182103,0.00962521,0.0440011
1317384516.107323170,-0.372034,0.894655,9.63759,-0.00263583,0.00921687,0.0366831
1317384516.207328081,-6.25063,0.897348,9.73382,-0.00133068,0.0026204,0.0409411
1317384516.307328939,3.03929,0.912676,9.95254,-0.000731018,0.00222005,0.0473839
1317384516.407330751,-299.723,1.81542,5.71938,-6.62304e-05,0.000110051,0.00211875
1317384516.507329941,504.822,-2.0782,16.6152,-0.00117126,-0.00669605,-0.00252224
1317384516.607329845,-103.027,5.8901,8.36295,-0.0204857,0.00344879,0.136977
1317384516.707329035,-101.371,1.24209,8.43509,-0.0238634,-0.00140319,0.0342902
1317384516.807354212,0.967514,0.620079,9.73893,-0.0170803,0.000832345,0.0141059
1317384516.907337666,-91.3075,0.397261,8.65654,-0.00773336,0.00296898,0.00130217
1317384517.007345676,113.073,0.32072,11.2516,0.00204312,-0.000931986,-0.00763174
1317384517.107336283,49.3459,0.645417,10.1453,-0.0206961,0.0107066,0.0189799
1317384517.207355261,-71.4213,0.509781,8.74834,-0.0155866,0.00493167,0.00664306
1317384517.307348728,-1.11676,0.295032,9.52917,-0.0135263,0.0199897,0.00443244
1317384517.407353401,3.5298,0.279713,9.46527,-0.00884802,0.0143545,0.00297916
1317384517.507346392,0.592955,0.162877,9.60329,0.00796264,-0.00223238,-0.000809966
1317384517.607352257,-0.487886,0.164817,10.0296,0.0132605,-0.00345217,0.00283101
1317384517.707362413,0.0130677,0.174414,9.97313,0.0204107,0.00154162,0.00672796
1317384517.807373047,-2.0116,0.40459,9.72347,0.0219515,0.0126031,0.00681771
1317384517.907374620,2.00787,0.485693,9.55097,0.0166901,0.0195636,0.00497573
1317384518.007372379,-1.60236,0.224014,9.48742,0.0285182,0.0103111,-0.000310316
1317384518.107372284,-42.8128,0.356682,9.29416,0.0370998,-0.00514914,0.00113131
1317384518.207372904,-227.415,1.00785,7.31934,-0.015351,-0.00367421,0.000523513
1317384518.307372093,584.697,-1.03687,16.416,0.022977,-0.00511875,-0.00263774
1317384518.407371998,-312.368,1.33361,6.44693,0.0383985,-0.00683045,-0.00207304
1317384518.507407427,-7.87648,0.505584,9.65293,-0.0121911,0.0148206,-0.0019214
1317384518.607431173,-5.77407,0.385333,9.46318,-0.013651,0.0143909,-0.00748851
1317384518.707434893,3.67793,0.28723,9.55057,-0.010864,0.00132529,-0.00664559
1317384518.807429075,3.5288,0.236769,9.95144,-0.00645719,-0.0228657,-0.0066461
1317384518.907418966,-2.10111,0.346944,10.0857,-0.0021572,-0.0210844,-0.00545304
1317384519.007431507,-2.92375,0.458786,10.022,0.000464576,-0.0303493,-0.00703662
1317384519.107442141,-3.02031,0.336889,10.0902,-0.000248037,-0.0262557,-0.00946842
1317384519.207441568,2.5683,0.309417,10.4073,-0.00138894,-0.0165883,-0.00384146
1317384519.307440758,2.01895,0.395611,9.98038,-0.00615018,-0.00895351,-0.00605637
1317384519.407440186,-0.100403,0.503772,9.71963,-0.00633825,0.00390999,0.00229052
1317384519.507440329,-0.080525,0.485235,9.66287,-0.00851433,0.00702893,0.00481148
1317384519.607440472,-216.37,0.262227,6.54764,-0.00121234,0.00943738,0.000319711
1317384519.707439661,170.507,0.267089,12.6486,0.000712526,0.0213986,0.00458021
1317384519.807439566,298.199,0.635132,15.0083,9.36822e-06,-0.0194463,-0.00233903
1317384519.907421827,-307.902,0.385611,5.11639,0.00234713,-0.00266489,0.00820462
1317384520.007421494,6.43597,0.291298,9.83662,-0.00331014,-0.000620507,0.00252895
1317384520.107410431,153.124,0.582908,11.6731,-0.00781408,0.0033105,0.00274184
1317384520.207409859,-109.186,0.386712,8.43174,-0.00151917,-0.01313,0.00738371
1317384520.307404518,4.33437,0.509892,9.9759,-0.00314031,-0.00368048,0.00908572
1317384520.407413244,-0.339007,0.412313,9.89449,-0.00279142,-0.00160028,0.00249854
1317384520.507404804,0.269961,0.33657,9.82277,-0.00370391,-0.00599228,0.00394952
1317384520.607402086,-1.05351,0.376429,9.86579,0.00179977,-0.00514426,0.00807991
1317384520.707401752,-4.78842,0.476314,9.89264,-0.00502882,0.00337803,0.0035117
1317384520.807399273,3.01981,0.412426,9.7774,-0.00507797,0.00631819,0.00794044
1317384520.907401562,2.60243,0.417082,9.71825,-0.00434521,0.00673657,0.00557491
1317384521.007401466,3.01273,0.404265,9.80558,-0.00456639,0.00245891,0.00458058
1317384521.107401848,-2.93864,0.474384,9.65917,-0.00563961,0.0065377,0.0125955
1317384521.207401752,-4.9317,0.390856,9.73952,-0.00387961,0.000395326,0.00833199
1317384521.307401896,-287.167,0.318702,6.37413,-0.00086787,-0.00356372,-0.000489504
1317384521.407401562,466.575,0.252862,15.581,-0.000171025,0.00368929,-0.00337805
1317384521.507401705,-58.4763,0.819946,9.17108,-0.00405846,-0.0013872,0.0160133
1317384521.607404470,-116.775,0.287675,8.65292,0.00756729,-0.0154891,0.00153349
1317384521.707449198,-3.6482,0.385717,9.98911,0.0163999,-0.00855329,0.00322853
1317384521.807466507,-0.21491,0.469398,9.66751,0.0129616,0.0168642,0.000700984
1317384521.907483816,2.59299,0.495056,9.60778,-0.00218774,0.0200029,0.00280023
1317384522.007467508,2.46331,0.421311,9.42801,-0.00414918,0.0185698,0.00497345
1317384522.107467651,-0.689287,0.420927,9.59194,-0.00682946,-0.00740749,0.00617306
1317384522.207465410,-4.69583,0.306259,10.1756,-0.00889357,-0.0169739,0.00449214
1317384522.307462931,-0.507803,0.335209,10.1989,0.00579975,-0.00814161,-0.00605179
1317384522.407463789,3.34408,0.306952,10.0153,-0.000150484,0.0059729,0.00226605
1317384522.507464409,-1.12303,0.336605,9.72825,-0.00111197,0.00678013,-0.00387197
1317384522.607464552,0.630134,0.291709,9.6496,0.00446388,0.0163697,0.000742741
1317384522.707464218,-172.313,0.384969,6.93135,0.0109681,0.00173188,-0.00225415
1317384522.807464123,-396.201,0.57902,3.21614,0.0154874,0.00562025,-0.00440403
1317384522.907466888,1098.37,0.150125,27.3467,0.00732461,-0.0159802,-0.0159953
1317384523.007467270,-358.059,-0.756263,5.47875,0.00592189,-0.0125629,-0.0212697
1317384523.107475758,-422.537,0.715001,3.4224,-0.00168326,0.00224006,-0.000787956
1317384523.207515001,519.989,-1.0376,18.492,0.00697513,0.00895208,-0.0167624
1317384523.307505608,-247.322,0.243722,5.39463,0.00261741,-0.000919002,-0.0249523
1317384523.407511234,-13.7539,0.291904,9.33775,-0.000584321,0.00401924,-0.0147146
1317384523.507502079,-2.33642,0.197266,9.78911,-0.00681771,0.00657575,-0.0034675
1317384523.607502222,1.31585,0.157254,9.96684,-0.00473269,-0.00217556,-0.00956577
1317384523.707497597,-2.48185,0.178546,9.65897,-0.00574244,0.000954462,-0.00783385
1317384523.807496786,-2.25749,0.265211,9.76815,-0.00242639,0.00594119,-0.00398755
1317384523.907497883,0.351091,0.347478,9.8951,0.00256236,-0.000340646,-0.000286462
1317384524.007497072,-2.69645,0.247571,9.77005,0.00395462,0.00306754,-0.00887024
1317384524.107498884,0.231791,0.341513,9.87693,0.0083344,0.00241786,-0.00258471
1317384524.207498789,-1.49089,0.456192,9.59575,0.00156376,0.0111797,0.00286463
1317384524.307498217,-4.8041,0.539656,9.47126,0.00410441,0.00561884,0.00277924
1317384524.407498121,0.193505,0.569938,9.80244,0.00429039,-0.00433678,0.00369766
1317384524.507498026,-121.13,0.628276,7.95135,-0.00133715,-0.0086374,0.00494201
1317384524.607498407,71.9785,0.0751215,10.9787,-0.0126984,-0.00214427,0.00556215
1317384524.707498312,216.929,0.0494225,13.3578,0.00935351,0.00212645,0.00430398
1317384524.807497501,-174.036,0.995437,6.98628,0.0101095,0.0092124,0.0112182
1317384524.907519817,-1.14504,0.521651,9.77001,0.00342214,0.00870221,0.0179066
1317384525.007522345,2.2014,0.582067,9.74083,0.00669315,0.0107143,0.0218592
1317384525.107518673,-3.56287,0.619778,9.50377,0.000552361,0.0115367,0.021465
1317384525.207517624,0.232729,0.676865,9.49917,-0.00358321,-0.000264439,0.0223169
1317384525.307517529,-5.18433,0.646721,9.82408,-0.00512926,-0.0015384,0.0356474
1317384525.407516956,-47.7099,0.658514,9.12397,0.00328761,-0.00216992,0.0208262
1317384525.507516861,-386.06,2.23621,2.76571,-0.00433587,-0.00941428,-0.0396238
1317384525.607517481,904.322,-2.19862,25.6821,-0.0086534,-0.00383664,0.0326199
1317384525.707515478,-419.619,5.04505,2.23804,2.99613e-05,0.00902821,0.0958128
1317384525.807514906,-38.8957,0.830194,9.23333,0.00392429,-0.00358018,0.0299547
1317384525.907510519,-3.57448,0.720773,9.73303,-0.00655378,-0.00263928,0.0304442
1317384526.007507086,2.16826,0.742844,9.84845,-0.00590948,-0.0069312,0.0243678
1317384526.107519865,-3.54136,0.548785,9.74443,-0.0145722,-0.00347151,0.0235697
1317384526.207520008,-0.267319,0.417507,9.94116,-0.00602536,0.00426304,0.00776091
1317384526.307524443,-69.3665,0.378275,8.48293,0.00398796,0.00245885,-0.00906501
1317384526.407524586,91.2908,0.263891,11.6066,0.00633864,0.00742334,-0.0095322
1317384526.507524490,9.52384,0.549966,9.82292,-0.00720687,-0.00148816,0.0126876
1317384526.607526064,-37.9783,0.326471,8.89405,0.00124765,-0.0200919,-0.0044279
1317384526.707524538,-0.188548,0.359721,9.8985,-0.00494125,-0.0152927,-0.00515001
1317384526.807523727,-0.539608,0.279286,9.9591,0.000418905,-0.0166812,-0.0118656
1317384526.907525063,-2.72645,0.214328,9.88436,0.000696747,-0.00884755,-0.0154477
1317384527.007524014,0.753529,0.208923,9.87253,0.000503305,0.000924349,-0.0165162
1317384527.107524872,1.18998,0.213401,9.80714,0.000940026,-0.00104067,-0.0163944
1317384527.207525015,-1.36808,0.358174,9.71828,0.00191784,0.000751412,-0.019476
1317384527.307525635,0.794263,0.147718,9.83218,0.00537178,-0.00739241,-0.0160194
1317384527.407525301,-3.09345,0.257593,9.67875,0.00572915,-0.00336631,-0.0236576
1317384527.507525206,-0.581547,0.128538,9.83871,0.00623604,0.00987198,-0.0293839
1317384527.607524872,-51.0435,0.0712364,9.22327,0.00341051,0.00992986,-0.0291843
1317384527.707524776,-183.624,-0.200779,7.0188,0.000108862,0.00414984,0.0359074
1317384527.807524920,523.339,-0.0674443,17.7797,0.00679908,-0.000574432,-0.0456108
1317384527.907527924,-288.053,-1.43148,5.36518,0.0154106,-0.00556379,-0.0767635
1317384528.007526159,-2.65846,0.225708,9.69032,-0.000274938,0.00317751,-0.0328938
1317384528.107533693,-29.7019,0.343489,9.44431,-0.00352001,-0.00092019,-0.0234245
1317384528.207535744,59.2926,0.168784,10.7568,-0.00469141,-0.00689914,-0.0232219
1317384528.307538271,-19.8776,0.19505,9.4647,0.000162232,0.0067867,-0.0335137
1317384528.407541990,-7.67234,0.185213,9.60649,-0.00759709,0.00650156,-0.0191832
1317384528.507541895,2.24741,0.240566,9.69528,0.000887376,-0.012041,-0.0209978
1317384528.607542038,-1.50833,0.147542,9.5837,-0.00386895,-0.0111075,-0.0223763
1317384528.707540035,-1.5226,0.215705,9.72002,-0.000857239,-0.0244697,-0.0123404
1317384528.807538509,1.88974,0.25354,10.0183,0.00798035,-0.0115662,-0.00784576
1317384528.907538414,1.63485,0.280711,9.99471,0.00380764,-0.00455184,-0.00580328
1317384529.007537365,2.35201,0.361446,9.885,0.00291927,-0.000649549,-0.00591875
1317384529.107537746,-0.617964,0.445642,9.87234,-0.00617195,0.00177052,-0.000686752
1317384529.207537651,-2.23001,0.301269,9.77902,-0.00241047,-0.00767196,-0.00349086
1317384529.307537794,2.2467,0.228121,9.82909,0.000576677,-0.0175002,-0.00238948
1317384529.407537937,-91.958,0.199,9.01889,0.0191462,-0.0150151,-0.00931938
1317384529.507538319,33.8569,0.488607,10.2239,0.0107964,0.00684355,-0.0012646
1317384529.607537031,215.644,0.662844,11.9934,0.017037,0.0038923,-0.0078831
1317384529.707534075,-155.448,0.26124,8.00257,-0.0182455,0.0379185,-0.00531282
1317384529.807531118,2.00106,0.0426316,9.57187,-0.0026,0.0284703,-0.00724416
1317384529.907531738,-19.8494,0.193765,9.37145,0.00831775,0.0188678,-0.0128691
1317384530.007531881,-43.8252,0.522896,8.75417,-0.00598604,-0.00334691,0.00234579
1317384530.107530117,150.761,0.341252,10.6242,-0.0151564,-0.0641412,-0.0423392
1317384530.207526207,-86.4029,-0.637019,10.7462,-0.00827581,-0.0480394,-0.0530809
1317384530.307523489,-0.135934,0.0233769,10.3307,-0.00715103,0.00772681,-0.0335416
1317384530.407521009,6.59253,-0.0801018,10.0375,0.0198946,0.0317888,-0.0327288
1317384530.507522821,-4.26838,0.119073,9.44012,0.0303002,0.0226308,-0.0282198
1317384530.607523918,4.41211,0.381347,9.69073,0.0214133,0.0102921,-0.0269259
1317384530.707525492,-3.88369,0.194315,9.63134,-0.00127477,-0.00355106,-0.0223279
1317384530.807525635,0.903101,0.084932,9.75143,-0.0183456,-0.0099256,-0.0256352
1317384530.907524824,0.813675,0.165296,9.86373,-0.0122746,-0.0107633,-0.0221117
1317384531.007524729,-2.19727,0.237426,10.1475,-0.00468873,-0.00569948,-0.022959
1317384531.107525110,3.37093,0.388759,9.99843,-0.00610795,0.0157966,-0.0240974
1317384531.207524300,-85.3197,-0.0766568,8.54921,-0.0144409,0.0092324,-0.0201413
1317384531.307523966,109.118,0.57401,11.0933,-0.00214809,-0.00745219,-0.00516233
1317384531.407523155,30.9302,-0.696111,10.0602,-0.00212162,0.00363386,-0.056916
1317384531.507522821,-55.5061,-0.233603,9.13723,0.016939,-0.000612391,-0.0302135
1317384531.607520580,0.209568,0.163051,9.74589,0.0290499,0.00110594,-0.0204921
1317384531.707517385,0.369842,0.334653,9.87196,0.0171202,0.00379083,-0.0115607
1317384531.807517529,-2.07223,0.465052,9.87046,0.0101814,0.00951426,-0.00544554
1317384531.907515049,1.65454,0.346547,9.81139,0.00401164,0.00359733,-0.00100124
1317384532.007514477,-0.788704,0.377365,9.85968,0.00157655,-0.00499673,-0.000574338
1317384532.107512712,-0.349034,0.441425,9.85755,-0.00437889,0.0087893,0.00334431
1317384532.207512379,3.00384,0.471829,9.73884,0.000520477,0.00345956,-0.00228223
1317384532.307512999,-4.99081,0.642887,9.56896,-0.00565111,-0.0121065,0.00897191
1317384532.407513380,0.355251,0.559969,9.86008,-0.00969496,-0.0139313,0.0176691
1317384532.507513046,4.92899,0.361508,9.98359,-0.0104498,-2.54663e-05,0.0137162
1317384532.607513189,-10.7483,0.59513,9.83901,-0.0128148,-0.00110047,0.0148373
1317384532.707513571,-46.0888,0.454662,9.36824,-0.0130143,0.00335939,0.014747
1317384532.807513237,112.649,0.344108,11.2854,0.00188988,0.00775323,0.0235161
1317384532.907512426,-55.4411,0.869354,9.02699,0.00519178,0.0181471,0.0319224
1317384533.007512331,-19.2752,0.480587,9.50943,0.00275974,0.0169477,0.0283973
1317384533.107512951,30.8924,0.675131,10.2608,0.00985464,0.0148645,0.0479539
1317384533.207512856,-8.32364,1.02034,9.40403,0.00292582,0.0185232,0.0561445
1317384533.307514429,-9.16885,0.75001,9.58783,0.00251206,0.00281536,0.0473175
1317384533.407514334,-3.11264,0.637263,9.70983,0.0057957,-0.00451548,0.0469412
1317384533.507513762,3.13033,0.915917,9.77067,0.00821656,-0.00255738,0.0381812
1317384533.607512951,-3.52862,1.00589,9.68471,-0.000665127,0.00157687,0.0478972
1317384533.707513809,-0.261255,0.831338,9.77781,-0.0010081,0.00319933,0.0372263
1317384533.807513714,-3.37076,0.604262,9.89969,0.000270506,-0.00157673,0.0359596
1317384533.907513380,-4.2406,0.581163,9.85039,0.0080107,-0.00221098,0.0316013
1317384534.007513285,1.25694,0.780906,9.7912,0.00816144,-0.00138035,0.0398255
1317384534.107513666,-1.80432,0.807801,9.71567,-0.0146625,-0.0137506,0.0509644
1317384534.207513571,-2.6832,0.854782,9.72884,-0.00800145,-0.0152411,0.0613409
1317384534.307513475,-0.296711,0.737998,9.91235,-0.00524633,-0.0170482,0.0796542
1317384534.407513380,-8.40061,0.868548,9.93353,-0.00606862,-0.0112331,0.0890763
1317384534.507513285,-0.749393,0.870019,9.8944,-0.00329862,-0.00517481,0.109895
1317384534.607513189,14.1986,1.42369,9.86455,-0.0100345,0.00608991,0.157905
1317384534.707512856,-12.3225,1.54885,9.53029,-0.0256669,0.0023362,0.184372
1317384534.807512760,1.67404,1.34927,9.70845,-0.0150424,0.00553867,0.207885
1317384534.907512665,-5.77838,1.5083,9.75813,-0.00927609,5.01404e-05,0.237137
1317384535.007512331,0.138795,1.6273,9.89763,-0.0133877,0.00638956,0.242294
1317384535.107512474,2.76093,1.80754,9.81127,-0.0135858,0.00701675,0.284816
1317384535.207512379,-5.81094,1.84435,9.82151,-0.00184945,0.016548,0.318943
1317384535.307512283,-1.29479,1.79759,10.1439,0.012213,0.0133728,0.327261
1317384535.407511950,2.88357,2.02091,10.1972,0.00240291,0.0139853,0.361995
1317384535.507512093,-4.31169,2.43766,9.57685,-0.00463007,0.0188218,0.389604
1317384535.607511997,1.88429,2.02193,9.74695,-0.000632259,0.0184379,0.395555
1317384535.707512140,-29.2769,2.30627,8.89097,0.00731913,0.0160465,0.337281
1317384535.807512283,-142.355,5.42694,6.36882,0.00770251,-0.0155832,-0.21804
1317384535.907510757,273.618,-8.84992,16.213,0.00681887,-0.0203436,-0.204446
1317384536.007509947,-22.7806,36.5961,7.6877,0.00407733,0.0685054,1.67935
1317384536.107503653,-81.9273,7.62661,7.81303,0.0124995,0.0171646,0.528405
1317384536.207504511,3.86624,3.09199,9.6317,0.00967065,0.0143409,0.552021
1317384536.307503462,-4.91011,3.16178,9.8064,-0.0039598,0.0163964,0.539159
1317384536.407499552,-0.443898,2.49305,9.93374,0.0109266,0.00418746,0.527248
1317384536.507495880,-0.21513,2.63209,9.60983,0.0322546,0.0210526,0.564599
1317384536.607496023,-2.4402,2.78652,9.47492,0.0413485,0.0386577,0.55941
1317384536.707496405,0.735018,2.97594,9.56726,0.0201912,0.0287626,0.580458
1317384536.807495832,0.0526515,3.44946,9.68268,-0.0133487,0.0375831,0.624372
1317384536.907495975,-2.83884,3.15491,9.7011,-0.0404369,0.035168,0.590086
1317384537.007496834,0.674072,2.56256,9.52289,-0.0456689,0.0304326,0.584396
1317384537.107497454,0.85764,2.53561,9.4827,-0.030298,0.0239229,0.619578
1317384537.207497597,-2.13214,2.56075,9.7627,-0.0110542,0.0279435,0.603365
1317384537.307497025,-2.188,2.84891,9.93254,-0.000556416,0.0356268,0.602994
1317384537.407496452,-24.5574,1.55229,9.4082,0.00178097,0.029067,0.304537
1317384537.507496119,56.2511,1.50143,10.7384,-0.00345233,0.038514,0.627608
1317384537.607496262,-26.2056,5.65549,9.06517,-0.015371,0.0534468,0.855169
1317384537.707496166,-2.72101,3.07434,9.5158,-0.0170641,0.0439395,0.630998
1317384537.807497025,2.36984,2.59043,9.68369,-0.00854422,0.0607466,0.624196
1317384537.907496929,0.162124,3.0825,9.54794,-0.00910197,0.0745974,0.647104
1317384538.007497549,-29.3839,2.40257,8.90416,-0.0111315,0.0516613,0.44407
1317384538.107497454,52.0765,0.391033,11.3523,-0.00399289,0.0429631,0.449166
1317384538.207497120,-10.3223,7.6606,8.61486,-0.0123263,0.0986855,1.02046
1317384538.307497740,-9.5859,3.55791,9.13276,-0.00270062,0.0488471,0.637145
1317384538.407497883,3.25548,3.42436,9.40141,-0.00802708,0.0288098,0.618305
1317384538.507498026,0.558427,3.58029,9.39626,-0.00869975,0.021204,0.623974
1317384538.607498407,2.04336,3.36873,9.442,-0.0161562,0.0146477,0.591177
1317384538.707498789,1.19502,3.60016,9.67762,-0.0136106,0.0173401,0.574726
1317384538.807499170,1.48472,3.20547,9.93836,-0.00208456,0.0248236,0.518101
1317384538.907500982,2.26026,3.16716,9.86059,0.0046375,0.0317912,0.488878
1317384539.007500410,0.597879,3.00671,9.77192,0.00664797,0.039376,0.470787
1317384539.107498884,-20.4072,3.07295,9.28433,0.0353473,0.0421799,0.43535
1317384539.207499027,4.20351,0.958802,9.64329,0.0130599,0.0226187,0.156292
1317384539.307498455,68.5898,5.97997,9.94029,0.0143031,0.0467381,0.702592
1317384539.407499790,-42.3035,6.794,8.60742,-0.0116753,0.0120262,0.605171
1317384539.507499933,-1.69854,3.65349,9.54387,-0.0162122,-0.0170936,0.43002
1317384539.607499838,3.80111,3.24763,9.61777,-0.0298355,-0.023802,0.409325
1317384539.707500696,5.05666,3.63701,10.1915,-0.0259887,-0.016483,0.424768
1317384539.807500362,-1.74961,3.77651,10.291,-0.0192876,0.00064978,0.408188
1317384539.907500267,4.95912,3.7772,9.80624,-0.0257247,0.0118314,0.404274
1317384540.007498980,1.42622,3.70786,9.77592,-0.0257926,0.00497751,0.405298
1317384540.107499361,4.54312,3.47117,9.91749,0.00225012,0.0158189,0.41117
1317384540.207498789,-3.31656,4.12961,9.81021,0.0230801,0.020474,0.405102
1317384540.307498693,2.73093,3.74366,9.57664,0.017023,0.0310029,0.386269
1317384540.407498360,6.40425,3.63652,9.7026,0.00878506,0.0316683,0.375807
1317384540.507498026,-0.820683,4.16456,9.38185,0.0100158,0.0262133,0.371716
1317384540.607497931,-332.364,7.19188,6.51997,-0.0141522,-0.0228928,-0.21978
1317384540.707497835,509.058,0.321161,12.1324,-0.0206573,-0.054906,-0.553669
1317384540.807499170,-4.4997,68.2998,7.75192,0.0150745,0.0623982,1.64106
1317384540.907503366,-191.195,6.28608,8.93106,-0.00538736,0.0172052,0.40868
1317384541.007501602,35.7522,1.73716,9.88572,-0.00434505,0.00870599,0.216499
1317384541.107498884,21.171,5.22191,9.67061,-0.0129233,0.0165687,0.352936
1317384541.207494736,-20.3993,4.20934,9.65619,-0.0136585,0.00688479,0.27211
1317384541.307500601,1.75055,3.26199,9.58661,-0.01947,0.0230623,0.231857
1317384541.407503843,1.6381,3.21024,9.42258,-0.0265636,0.0160812,0.220373
1317384541.507502317,-2.47122,2.79599,9.63166,-0.0261972,0.00716263,0.18524
1317384541.607499599,5.00318,2.66458,9.76034,-0.0401105,-0.0122295,0.150148
1317384541.707499981,3.62376,2.16775,9.96455,-0.0456909,-0.00170407,0.116663
1317384541.807500362,-2.37721,1.55115,9.7763,-0.0372088,0.00674826,0.0770347
1317384541.907500505,5.11268,0.728482,9.73703,-0.0318715,0.00853782,0.0359078
1317384542.007500410,2.22808,0.624601,9.74343,-0.0295834,-0.00590371,0.0203258
1317384542.107500315,2.70549,0.283121,9.69708,-0.0229775,-0.00720707,-0.00786034
1317384542.207500458,-6.32904,0.196779,9.9375,-0.0240139,-0.00211704,-0.0171374
1317384542.307500124,-9.54147,-0.0138611,9.71618,-0.000749894,0.0052926,-0.0294709
1317384542.407499790,-274.151,0.207055,8.43607,0.00556396,0.00486695,-0.0122464
1317384542.507499456,535.86,0.721302,13.3555,-0.00659588,0.0152777,-0.0418449
1317384542.607499361,-213.802,-2.26146,8.38164,-0.0245597,0.0176588,-0.0825677
1317384542.707496643,-40.0581,-0.743266,9.28368,-0.00418964,0.0102962,-0.0534896
1317384542.807496071,2.63846,-0.406154,9.63381,-0.00713061,0.00126335,-0.052564
1317384542.907496691,-59.3468,-0.356804,9.09477,-0.0088009,-0.00444482,-0.0329629
1317384543.007495642,92.7043,0.335357,10.8708,-0.00208188,-0.00405415,-0.0360008
1317384543.107495785,-6.47013,-1.01673,9.90675,-0.0124573,0.00100257,-0.0722898
1317384543.207495689,-28.2163,-0.550132,9.61825,-0.00476708,0.00378145,-0.0553809
1317384543.307497263,-1.22233,-0.452903,9.57997,-0.00419881,0.0240092,-0.0411237
1317384543.407495260,4.78204,-0.574234,9.26178,0.00646317,0.0205771,-0.0453402
1317384543.507495880,-0.357011,-0.397695,9.60717,0.0100063,-0.00290581,-0.0386425
1317384543.607496262,0.112117,-0.255878,9.71719,0.0119347,-0.00767866,-0.0362819
1317384543.707495451,-0.29827,0.0348206,9.91535,0.000270251,-0.0151705,-0.0287018
1317384543.807495594,-2.03593,0.0434052,10.0023,0.00195035,-0.0150559,-0.0220678
1317384543.907495022,2.26186,-0.0235497,9.95602,-0.00324817,-0.0100701,-0.023258
1317384544.007494450,-1.16975,-0.0560598,9.86805,-0.00481499,-0.00166227,-0.0217865
1317384544.107493877,-65.9119,-0.0319098,8.91572,0.000676019,0.00427439,-0.0171187
1317384544.207493782,-51.4445,0.172313,9.00093,0.00234267,-0.00863428,0.00665951
1317384544.307493687,302.599,-0.224897,12.4346,0.0133933,0.0145803,-0.00649684
1317384544.407491207,-183.745,0.19581,8.21554,0.0077573,0.00110626,-0.00893503
1317384544.507491350,3.10482,0.426408,9.86815,0.0126535,-0.00873345,0.00634666
1317384544.607488871,-7.16923,0.450863,9.80172,0.0125048,-0.0120999,0.00286212
1317384544.707489491,4.19492,0.461002,10.0319,0.0123424,0.000642309,0.00624397
1317384544.807493210,6.5962,0.519882,9.67671,-0.000705045,0.0195167,0.007296
1317384544.907493591,-3.63985,0.544881,9.31027,-0.000709189,0.0152441,0.00780674
1317384545.007493258,-2.29603,0.55783,9.74287,-0.0144057,0.00212987,0.0137724
1317384545.107493401,-3.74857,0.52223,9.9683,-0.0144663,-0.000627486,0.0115725
1317384545.207493305,3.16383,0.263866,9.95861,-0.00907623,-0.00726752,0.00317295
1317384545.307492733,4.16573,0.201395,9.8108,-0.00575797,-0.00567276,0.00200868
1317384545.407492638,-5.11081,0.241543,9.93762,0.00544914,-0.00958945,0.00490497
1317384545.507492542,-261.776,0.113549,7.49692,0.0144213,-0.00126758,-0.00337893
1317384545.607492447,377.726,0.483717,13.8366,0.0144449,0.00273686,-0.000971553
1317384545.707492352,39.2049,0.809787,10.0798,-0.00307707,0.00305921,0.0123853
1317384545.807491541,-151.823,0.209842,7.91746,-0.00517573,0.00198405,0.00354481
1317384545.907485008,-72.3911,0.226634,8.80045,0.000802211,0.000343523,-0.00272699
1317384546.007480383,67.9794,0.25843,10.3577,-0.0137135,-0.00842226,0.00240491
1317384546.107484579,83.8213,0.266488,10.7938,0.00990892,-0.00161117,-0.0070706
1317384546.207483292,-78.8061,0.3839,8.72281,0.00857914,0.0100258,-0.00433552
1317384546.307479620,-2.68467,0.446124,9.42872,0.0053285,-0.00162287,0.0033137
1317384546.407478571,4.37805,0.480763,9.56284,0.00528789,-0.00721505,-0.0024763
1317384546.507476330,1.14788,0.360491,10.0333,0.00619187,-0.0166911,0.00240167
1317384546.607476950,-0.725142,0.253823,9.93664,0.000648884,-0.00702774,-0.00714413
1317384546.707477331,0.697505,0.238117,9.70102,-0.00257361,-0.0016177,-0.00103975
1317384546.807476044,-2.94737,0.280661,9.95196,0.000697842,-0.00349941,0.00301793
1317384546.907475948,2.96341,0.339434,9.92905,-0.00189438,0.000282022,0.00153424
1317384547.007475853,-2.98719,0.286975,9.56222,-0.0112611,0.0134443,0.00021067
1317384547.107475519,-3.13149,0.118427,9.84159,-0.00399771,2.50533e-05,0.00221452
1317384547.207475424,3.88495,0.225883,9.9727,0.00968248,-0.00611092,0.00212183
1317384547.307475567,-498.348,-1.1462,5.68212,0.00396012,-0.0095805,0.00243775
1317384547.407475471,913.531,3.24117,18.1002,0.00607854,0.00708062,-0.00456822
1317384547.507475376,-330.107,-1.11262,5.44228,-0.00499511,0.0240038,-0.00682678
1317384547.607476711,-90.6129,-0.209226,8.51923,-0.0110673,0.0091388,-0.00543244
1317384547.707472801,3.25039,0.210272,9.93005,-0.00389277,0.000851714,-0.0102683
1317384547.807476997,1.36645,0.159842,9.81127,-0.00798609,-0.00425736,-0.0103677
1317384547.907476187,-4.96711,0.0578895,9.71361,-0.00248608,-0.0051875,-0.0109796
1317384548.007481575,1.82429,0.18067,9.97572,0.00520481,-0.00821186,-0.00527278
1317384548.107481480,1.96239,-5.08045e-06,10.083,-0.00298793,-0.00615652,-0.00402895
1317384548.207482815,-0.309557,0.172789,9.83312,0.000558658,-0.00559721,-0.00419179
1317384548.307482004,-0.51471,0.311085,9.77192,-0.00154423,0.00255523,-0.0140748
1317384548.407480955,-3.65363,0.224676,9.84357,-0.00722457,-0.00635293,-0.0111806
1317384548.507481098,-0.626741,0.12401,9.74461,0.00661275,0.00490761,-0.00655477
1317384548.607481003,-346.81,-0.656749,4.27046,-0.00129679,0.0130206,-0.0025318
1317384548.707480907,110.424,-0.116228,10.9647,-0.00414088,-0.00319583,0.0207339
1317384548.807480812,823.411,0.459287,22.7571,0.00672975,-0.00309957,-0.0466786
1317384548.907480478,-631.857,-3.08883,0.161062,0.00285235,0.00523233,-0.0352617
1317384549.007470846,-39.0553,0.121546,9.27557,-0.00390666,-0.00664916,-0.00421831
1317384549.107468605,210.351,0.334079,12.9016,0.0102295,0.0103724,-0.0322214
1317384549.207470655,-130.145,-0.656054,7.81921,0.0114756,-0.00218702,-0.0180885
1317384549.307464123,-5.18838,-0.0328187,9.95298,0.000137684,0.00822555,-0.0179132
1317384549.407458544,4.60697,-0.0318441,9.85427,0.000715564,0.0100666,-0.0207416
1317384549.507459402,-3.89199,-0.0342222,9.68684,0.00613683,0.0122497,-0.0237118
1317384549.607458591,-7.087,-0.0657958,9.47752,0.00449295,0.00812674,-0.0218316
1317384549.707460403,4.49025,0.0656025,9.83659,0.00446066,-0.0022895,-0.0130244
1317384549.807461262,-1.1052,0.0623015,9.97828,0.00326581,0.00567667,-0.01932
1317384549.907461166,-3.50668,0.156648,9.74102,-0.00242936,0.0107209,-0.0127448
1317384550.007460833,-5.4606,0.184766,9.4657,0.00452527,0.00793308,-0.0103123
1317384550.107460499,-5.0734,0.256871,9.7888,-0.00139454,-0.00182341,-0.000417102
1317384550.207460165,1.86845,0.30992,10.0998,-0.00315272,-0.00167491,0.000741984
1317384550.307460070,-2.53074,0.218669,9.95405,0.00758638,-0.00433003,0.00109432
1317384550.407460213,-174.603,0.149529,6.08726,-0.00210273,0.00159769,0.00146506
1317384550.507459879,222.331,0.318262,14.9433,-0.004167,0.0153677,0.00614816
1317384550.607459784,59.2678,0.52955,11.1617,0.00318439,0.00805258,0.00951212
1317384550.707460880,-117.176,0.370256,6.91044,-0.0032258,0.00909746,0.0131645
1317384550.807461262,-3.24272,0.288402,9.63078,-0.00862053,-0.00110368,0.00493973
1317384550.907459974,-5.64558,0.27501,9.70089,-0.0035234,-0.0105335,0.00929794
1317384551.007461071,-1.37582,0.269961,9.90984,0.00347458,-0.00555119,0.0045255
1317384551.107459068,-0.308991,0.390573,9.83676,0.00505216,-0.00221647,0.00894412
1317384551.207459211,-5.83205,0.357782,9.75181,-0.00207405,0.0073358,-0.000709738
1317384551.307459593,-2.95212,0.289766,9.6874,-0.00558237,0.00603399,0.00310344
1317384551.407459974,0.927834,0.306608,9.63588,-0.000827343,0.00587477,0.00130775
1317384551.507459879,-3.8554,0.27147,9.59523,0.00236132,0.00563718,-0.0019574
1317384551.607459784,0.111328,0.360138,9.79788,-0.00218848,-0.00294373,0.00129562
1317384551.707459927,-76.7091,0.427918,8.00597,0.00242491,-0.0185254,0.00624203
1317384551.807459593,-434.54,0.783117,-0.262316,0.0119752,-0.00517523,-0.0130716
1317384551.907458782,952.87,-0.0615589,30.0214,0.0189756,-0.0211966,0.00262281
1317384552.007464170,-322.116,1.47045,4.2296,0.0122675,-0.0202514,0.0155654
1317384552.107464552,-321.288,0.0936896,3.97835,-8.19887e-05,-0.00087905,-0.000399328
1317384552.207460403,333.334,0.598179,15.1181,0.00616802,-0.00128726,0.0041973
1317384552.307461023,-128.412,0.204094,8.05801,0.0223625,-0.0175324,0.00839372
1317384552.407458782,-29.8358,0.499125,9.60753,0.00672293,-0.00738603,-0.00158162
1317384552.507462740,-2.42608,0.374221,9.86719,-0.0044818,0.00788517,-0.00296101
1317384552.607461929,0.613305,0.244559,9.82825,-0.00369738,0.00303705,-0.0132529
1317384552.707460403,-2.4165,0.189335,9.66194,0.00595991,-0.00634809,-0.002936
1317384552.807458401,-1.72826,0.235217,9.69931,0.0127499,-0.00518493,-0.00824042
1317384552.907458782,0.100897,0.239922,9.87029,0.0137496,-0.0138808,-0.0026801
1317384553.007459402,-1.5376,0.350852,9.98005,0.0127052,-0.0185054,-0.00345074
1317384553.107459545,0.52481,0.460015,9.89144,0.00833877,-0.0241992,-0.0019739
1317384553.207460165,-0.102582,0.54308,9.71433,0.00149427,-0.0203814,-0.00195046
1317384553.307458401,-2.72248,0.489685,9.66383,-0.00630921,-0.0167031,0.00116084
1317384553.407458305,0.775838,0.371559,9.90517,-0.0116072,-0.0107971,-0.0046755
1317384553.507458687,-37.6778,0.149029,9.5341,-8.98632e-05,0.00321947,-0.00883665
1317384553.607458591,-0.927619,0.224768,9.99986,0.0163328,0.0280627,-0.00104814
1317384553.707459211,117.015,0.853441,11.5364,-0.0121359,-0.00535669,-0.00736932
1317384553.807459354,-80.9264,0.347656,8.46036,-0.0407917,-0.0185045,-0.0043333
1317384553.907460451,-0.0790066,0.238762,9.69965,-0.0357058,-0.0297641,0.00329396
1317384554.007459641,3.97906,-0.0756841,9.45626,-0.00213656,-0.061883,-0.00282504
1317384554.107460737,-1.9465,0.675925,10.2255,-0.00874784,-0.0478359,0.00330298
1317384554.207459450,3.84291,0.650117,10.4486,-0.040997,-0.0104587,0.00465972
1317384554.307459116,-2.57149,0.170743,9.88475,-0.0403725,0.0177832,0.0117441
1317384554.407459259,-0.772598,0.134844,9.73358,-0.0221406,0.0301368,0.00611588
1317384554.507460594,-237.97,-0.516066,7.99161,0.0189998,0.0360131,0.00255674
1317384554.607460737,443.524,1.29558,13.794,0.00682063,0.011044,0.011451
1317384554.707460403,-155.552,0.996039,8.08198,-0.0461525,-0.0217006,0.0554719
1317384554.807460070,-43.0422,0.519817,9.65479,-0.0129694,-0.00773766,0.0315108
1317384554.907459497,-1.15511,0.423594,9.88724,-0.00532438,0.00756946,0.0303831
1317384555.007459402,5.54328,0.22435,10.2203,-0.0140886,0.0218874,0.0349968
1317384555.107458830,0.109233,0.333149,9.71937,0.00428206,0.0379867,0.0346681
1317384555.207459688,3.04161,0.291972,9.54328,0.0063953,0.0261385,0.0339772
1317384555.307457924,-35.7132,0.293363,9.17744,0.0116098,0.00291754,0.0298864
1317384555.407458782,41.7494,0.231587,9.87007,0.00986584,-0.0196556,0.0184443
1317384555.507458687,25.7961,0.910014,9.92228,0.0189428,-0.00262962,0.0547905
1317384555.607458591,-26.4695,0.766576,9.85107,0.0145896,-0.0092306,0.0390733
1317384555.707458258,1.22528,0.688514,9.97662,0.0137996,-0.00228509,0.0527269
1317384555.807458401,2.7083,0.522412,9.99977,0.00962297,0.0158742,0.033549
1317384555.907459497,-2.63736,0.659548,9.71967,0.0200979,0.00908004,0.0406373
1317384556.007459641,2.39642,0.606465,9.5555,0.0284726,0.00568874,0.038202
1317384556.107459545,5.18449,0.679671,9.56855,0.011822,-0.0120685,0.0444367
1317384556.207459688,-1.4195,0.809945,9.71908,0.0128884,-0.024375,0.0347852
1317384556.307460070,5.37912,0.736377,10.1119,0.0144742,-0.0151441,0.0290301
1317384556.407459974,-4.10337,0.902877,10.1496,0.00387608,-0.00333977,0.0409625
1317384556.507460117,1.37375,0.734775,9.89433,0.000809967,-0.00812415,0.0216215
1317384556.607460022,-8.49734,0.546117,9.66821,-0.00542183,-0.0128449,0.0167627
1317384556.707459927,-180.296,0.242011,9.0483,-0.0172916,-0.0108432,-0.0267776
1317384556.807459831,406.345,1.20494,11.2778,0.00276179,-0.0134997,-0.00111856
1317384556.907459736,-174.793,0.356815,9.7207,0.0246397,-0.0202753,0.0339942
1317384557.007458925,-18.3966,0.181273,10.4355,0.00635003,0.0242672,-0.0122016
1317384557.107456207,-12.3042,0.339639,9.0057,0.00548235,0.0388943,-0.00113523
1317384557.207456589,31.4239,0.40372,9.37968,0.000879912,0.0128471,-0.00851848
1317384557.307456255,-2.64706,0.40062,9.76863,-0.00802848,-0.0108532,-0.00457566
1317384557.407455206,-8.50111,0.291393,10.1508,-0.00458461,-0.0098973,-0.00395364
1317384557.507455111,-1.89294,0.108735,9.90224,-0.00843718,0.00424503,-0.00491895
1317384557.607455969,7.62445,0.225153,9.76315,-0.00136208,-0.00496466,6.01808e-05
1317384557.707456350,-0.465903,0.131412,10.0751,0.00399366,-0.000497117,-0.00351724
1317384557.807456493,0.436145,0.299104,9.61831,0.00518403,0.0198299,-0.0145278
1317384557.907456160,2.96184,0.156884,9.65248,-0.0157449,0.0071476,-0.0193708
1317384558.007456303,-1.31509,0.0676905,9.66716,-0.00494942,0.00531941,-0.02087
1317384558.107456207,3.45095,0.0860383,9.86129,-0.00977937,0.00249284,-0.0197292
1317384558.207456112,3.07287,0.155517,9.46016,-0.0156955,-0.0114184,-0.0247449
1317384558.307456017,-1.06689,-0.149058,10.0878,0.00614102,-0.0684003,-0.020791
1317384558.407456160,-25.5808,-0.134003,11.2047,-3.00939e-05,-0.0413324,-0.0298512
1317384558.507455826,-17.3706,0.202842,10.7612,0.0114295,0.046264,-0.0170593
1317384558.607455730,117.956,0.0639559,9.27084,-0.000942798,0.0605823,-0.0292278
1317384558.707455635,-64.3738,-0.324845,8.16709,-0.0149205,0.0205092,-0.0314507
1317384558.807456255,-5.83186,-0.0748932,9.55006,-0.00661127,-0.0045126,-0.0283226
1317384558.907455444,9.67842,-0.196824,10.171,-0.00389875,-0.0260152,-0.0190453
1317384559.007454872,-8.86511,0.00860782,10.0824,0.00502069,0.00177385,-0.0207162
1317384559.107454777,1.00015,-0.0137634,9.82544,0.0143607,0.00531486,-0.0187748
1317384559.207454920,13.4499,0.160015,10.0274,0.00934655,0.00394495,-0.0151832
1317384559.307455063,-10.3825,0.176242,9.78147,-0.00360671,0.0125925,-0.022538
1317384559.407455444,10.1032,0.123883,9.91226,-0.00661351,0.023183,-0.0229232
1317384559.507455111,-9.27204,0.0101486,9.73437,-0.0116943,0.0318474,-0.024324
1317384559.607455015,-2.67714,-0.105849,9.35091,-0.00602154,0.0265558,-0.01636
1317384559.707454920,9.63946,0.0423538,9.60605,0.00664415,0.00269037,-0.0113272
1317384559.807454824,-6.41138,0.110665,9.92843,0.00110341,-0.00787621,-0.010953
1317384559.907454729,-3.96831,0.122494,9.78965,0.00635628,6.40431e-05,-0.00857911
1317384560.007454634,8.34567,0.224243,9.99619,0.000596957,0.00219944,-0.00670859
1317384560.107454300,-3.43168,0.273054,9.56585,-0.00422426,0.00671596,-0.0164133
1317384560.207454205,1.9675,0.169254,9.66064,0.00513838,-0.0107678,-0.00428094
1317384560.307454109,-1.23159,0.10313,10.1999,0.00548892,-0.0235567,-0.0038458
1317384560.407454014,-6.48508,0.205842,10.1139,0.00974496,0.0128074,-0.00961997
1317384560.507453680,5.58045,0.333255,9.55223,0.00170886,0.0321938,-0.00396113
1317384560.607453585,1.62147,0.22577,9.27623,0.00834206,0.03544,-0.00147571
1317384560.707453489,-8.44375,0.41091,9.30972,-5.44766e-05,0.00567678,0.00577021
1317384560.807453156,1.66832,0.563744,10.0091,0.000528969,-0.0237976,0.0102491
1317384560.907453060,4.16278,0.465895,10.3378,-0.0106788,-0.0243175,0.0110336
1317384561.007452965,1.36336,0.443824,10.2449,-0.00632996,-0.0157697,0.0110029
1317384561.107452869,1.5013,0.25647,10.0932,-0.00156324,0.00511588,0.0115732
1317384561.207453012,-10.4017,0.345706,9.61504,0.00671506,0.0220434,0.0042553
1317384561.307452917,1.67359,0.416213,9.40298,0.00104012,0.0292763,0.00441123
1317384561.407452583,0.901417,0.380981,9.32852,-0.0160963,0.0109634,0.0050189
1317384561.507452488,-96.7413,-0.0757714,8.0438,-0.00986727,-0.0278512,0.00251671
1317384561.607452393,206.008,1.16733,13.0211,0.00282819,-0.0357981,-0.000605646
1317384561.707452536,-101.063,-0.26641,9.42505,0.00229144,-0.0149827,-0.00286934
1317384561.807453394,-61.5491,-0.0640141,9.00252,0.00080208,0.00556161,0.00215587
1317384561.907453537,114.513,0.6215,11.4735,0.00296822,0.0163485,-0.00941106
1317384562.007453203,-42.4159,0.109892,8.49752,-0.00512265,0.0152431,-0.00478735
1317384562.107452631,-15.9166,0.168017,9.70591,-0.0148954,-0.0107231,-0.00148894
1317384562.207452297,7.59325,0.146246,9.94775,-0.0171794,-0.0110737,-0.00615432
1317384562.307452917,-4.49481,0.0972889,9.75285,-0.00156839,-0.00763044,-0.00426295
1317384562.407452822,2.76548,0.1305,10.0397,0.00588273,-0.00190211,0.000390971
1317384562.507452488,-3.59327,0.131683,9.9718,0.0205375,0.000614868,-0.00033421
1317384562.607452393,-4.14083,0.200172,9.66617,0.0205493,0.0166816,0.000844285
1317384562.707452774,5.31788,0.335711,9.68874,0.0110659,0.00788073,-0.000522259
1317384562.807452679,-1.30693,0.397759,9.84154,-0.00128093,-0.00271136,-0.00664371
1317384562.907452583,-5.54584,0.349339,9.82426,-0.0216973,-0.00620447,-0.00363126
1317384563.007452488,4.1729,0.274936,9.91781,-0.0118849,0.00480685,-0.00638574
1317384563.107452393,1.4747,0.206816,9.94743,-0.0101241,0.00141472,-0.00596055
1317384563.207452297,-150.409,-0.43289,7.6891,0.00437181,0.00450847,-0.00953037
1317384563.307451963,-54.9866,-0.195445,8.92751,0.0167915,-0.00452626,0.00679471
1317384563.407451868,547.289,2.19283,17.4962,0.007401,0.0135546,-0.0136571
1317384563.507451773,-347.979,-1.15091,4.30039,0.000188301,0.00920805,-0.00307734
1317384563.607460022,4.50782,0.345117,9.60166,-0.00730668,-0.0204803,-0.000704248
1317384563.707455397,-9.18365,0.333984,9.83357,-0.0234884,-0.0416047,-0.00545257
1317384563.807454109,1.15017,0.374392,10.4977,-0.0290753,-0.0237442,-0.00814101
1317384563.907454729,4.51878,0.140843,10.261,-0.0323457,0.00297503,0.00117161
1317384564.007453442,1.03886,0.190329,9.56717,-0.0183243,0.0228666,0.00158198
1317384564.107453108,1.77783,0.0246178,9.69812,-0.00148489,0.0170939,0.00703312
1317384564.207451820,-8.93418,-0.049899,9.6663,0.0243983,0.0219828,-0.0027729
1317384564.307451725,0.794842,0.0667743,9.55845,0.0414626,0.0161651,-0.00289027
1317384564.407451868,5.77904,0.35131,9.44099,0.0302008,-3.52313e-05,-0.000577979
1317384564.507451773,-3.8915,0.459494,9.57538,0.0226249,-0.0120835,-0.00603849
1317384564.607451677,-355.864,-0.170087,5.30962,-0.00845106,-0.0280188,-0.0049028
1317384564.707451582,533.656,1.70714,15.5227,-0.0333699,-0.0203435,-0.000981704
1317384564.807451487,3.60284,0.269342,9.65917,0.0171323,0.00216093,-0.00149463
1317384564.907451868,-227.829,-0.491621,7.66109,0.000829734,-0.00223197,-0.0020358
1317384565.007454872,53.6921,0.381985,10.3395,-0.00252189,-0.00166447,-0.000898438
1317384565.107456446,29.0307,0.321716,10.4595,0.00284765,-0.0118554,-0.00387047
1317384565.207456589,-33.6666,0.0993121,9.47754,-0.00317079,-0.0059785,-0.00427411
1317384565.307457447,0.832246,0.403717,9.77684,-0.00679078,0.00458111,0.00663204
1317384565.407455206,-0.816334,0.324326,9.75174,-0.0108457,-0.00108111,0.00171541
1317384565.507454634,0.390759,0.230898,9.79951,-0.0259176,0.00495705,-0.00840861
1317384565.607455969,-4.62376,0.231549,9.63496,-0.0199492,0.014339,-0.00633436
1317384565.707456350,4.13884,0.19555,9.64456,-0.0151466,0.000597155,-0.00607732
1317384565.807456255,1.91168,0.106042,10.0151,-0.00589108,-0.0205564,0.000992696
1317384565.907455921,-6.04761,0.0655334,10.0523,-0.00824863,-0.00573819,-0.00113676
1317384566.007455826,3.98399,0.185035,9.7455,-0.00695502,0.000494501,-0.00173269
1317384566.107455730,3.76256,0.142538,10.0187,-0.0124144,-0.0228849,0.00128151
1317384566.207455397,-3.86504,0.236944,10.0073,-0.013005,-0.0233162,-0.00427964
1317384566.307455301,-13.2451,0.150213,9.86826,-0.00632481,-0.0147083,0.00256349
1317384566.407454967,-459.849,-1.66346,5.21476,0.0124889,0.0240354,-0.0032269
1317384566.507454872,848.744,3.27026,19.4257,0.024249,0.0127214,0.00630919
1317384566.607454777,-331.509,-0.694615,6.13148,0.00375948,-0.011326,0.0091038
1317384566.707456350,-64.5408,0.165524,8.9659,0.00118372,0.000449794,0.00780054
1317384566.807455778,0.565676,0.33627,9.93699,-0.00514036,-0.0022945,0.0073156
1317384566.907457113,3.87188,0.240961,10.0935,-0.0135855,0.00262571,-0.00188081
1317384567.007456779,2.69042,0.169764,9.47753,-0.00292759,0.0182779,-0.00158362
1317384567.107457399,0.193837,0.105501,9.43598,0.00873499,0.00919426,-7.31543e-05
1317384567.207459927,-5.83776,0.0786324,9.83883,0.0233375,-0.00559398,0.00689861
1317384567.307460308,-0.292219,0.245446,10.0449,0.0199367,-0.00902346,0.00838505
1317384567.407459021,3.53648,0.293114,9.80128,0.0157625,0.00806473,0.00687786
1317384567.507458925,-0.447923,0.210297,9.64669,0.0121213,0.00375114,0.00345778
1317384567.607458591,-0.429987,0.35543,9.73728,0.0204118,-0.00470011,0.00576588
1317384567.707458735,-470.587,-0.173015,3.49187,0.00624976,-0.00529182,-0.00386267
1317384567.807458639,87.6187,1.64794,7.89369,-0.0688831,-0.0393434,-0.0176109
1317384567.907459021,957.368,1.92892,20.4482,0.0564964,0.0154622,0.0122035
1317384568.007454157,-384.004,0.719662,5.23648,0.0703104,0.00520733,0.0152195
1317384568.107446909,-305.937,-0.0192435,6.75963,0.00424577,0.014556,0.000210811
1317384568.207443714,299.887,0.550201,13.9921,0.0208831,-0.0291129,0.00211672
1317384568.307443619,-185.57,0.39107,7.65252,0.00865242,-0.00202763,0.00777262
1317384568.407444477,-1.51503,0.414763,9.41597,-0.00101622,0.0079804,-0.00345523
1317384568.507445097,0.489313,0.414013,9.70327,0.00237367,-0.00185001,-0.00437588
1317384568.607445955,-6.09681,0.401707,9.76436,0.00420816,-5.40045e-05,0.00122503
1317384568.707445383,5.281,0.344303,9.69114,-0.00556048,0.00273284,-0.00094994
1317384568.807445288,1.12552,0.422222,9.81536,-8.80955e-05,-0.00961398,-0.00176335
1317384568.907445669,-6.64399,0.311164,9.88642,-0.00384163,-0.00901907,-0.00950183
1317384569.007445335,4.54509,0.151867,9.86908,-0.00469682,-0.0059115,-0.0125461
1317384569.107444763,1.36618,0.199556,9.8299,0.00772335,-0.00219748,-0.00890935
1317384569.207444668,-0.585687,0.246729,9.85255,0.00133933,-0.00633214,-0.0124354
1317384569.307444572,0.306294,0.350178,9.98646,-0.00104109,-0.011312,-0.0101265
1317384569.407444477,-317.973,-0.338024,6.79853,-0.00702533,0.00578899,0.000823588
1317384569.507444382,469.772,1.55972,14.5452,-0.00728903,0.00613228,0.00595265
1317384569.607444286,6.62895,-0.672139,9.53062,-0.0094002,0.000298736,-0.0193028
1317384569.707442045,-161.166,-0.287241,8.09841,-0.00416924,0.000148649,-0.00821097
1317384569.807443142,0.23793,0.216834,9.84442,0.0012017,-0.00262181,-0.00614259
1317384569.907441139,-74.6899,0.0836109,8.9615,0.00714578,-0.00449798,0.00214565
1317384570.007440805,67.0453,0.445613,10.4766,-0.00684791,-0.00341497,0.00211342
1317384570.107440710,89.1034,0.730991,11.5836,0.00110522,-0.0264747,0.00853827
1317384570.207440138,-83.9284,0.314121,8.99993,0.00855593,-0.000415819,0.00487154
1317384570.307438612,-1.67925,0.471139,9.83125,0.0108063,0.00724826,0.00739048
1317384570.407437563,3.70652,0.446783,9.65143,0.0131278,0.0132782,0.00335768
1317384570.507437229,-0.868904,0.551567,9.37599,0.00667103,0.0168998,0.00988118
1317384570.607437611,-0.0915477,0.680173,9.55056,0.00605867,-0.00938439,0.00700094
1317384570.707437277,-1.76422,0.595891,10.0694,-0.00293379,-0.0308805,0.00957804
1317384570.807437420,-1.79318,0.497101,10.4376,-0.0111107,-0.00973437,0.00235722
1317384570.907437325,1.8085,0.375344,9.79621,-0.000744794,0.0218203,-0.00595875
1317384571.007437229,-3.71809,0.310177,9.22638,-0.00308838,0.0214321,0.00238203
1317384571.107436895,-15.8691,0.287984,9.17283,0.00576734,0.0244172,0.000649729
1317384571.207436800,-341.246,-0.859075,3.81989,-0.00469643,-0.02287,0.00194591
1317384571.307436705,648.108,2.91353,19.7448,-0.00196777,-0.0214399,-0.00365303
1317384571.407436609,-256.086,-0.758234,5.68825,-0.000544914,0.0197512,-0.0060192
1317384571.507436275,-47.0454,0.145032,9.4954,-0.00682487,-0.00804521,-0.0125126
1317384571.607434034,-4.821,0.229373,9.81903,-0.0116213,0.00182058,-0.0171114
1317384571.707433939,4.12308,0.279155,9.62019,-0.00555778,0.00497884,-0.0052033
1317384571.807432652,-0.53717,0.289644,9.7709,-0.000336162,0.000578777,-0.0127515
1317384571.907431841,-4.35616,0.219358,9.81942,-0.00333256,0.00133327,0.0006812
1317384572.007432222,2.85985,0.301402,9.95148,0.00118568,-0.00102486,-0.00849612
1317384572.107430935,0.601077,0.170303,9.57008,-0.00572244,0.00164802,-0.00678513
1317384572.207430840,0.0117826,0.319763,9.69115,0.00178254,0.00348422,-0.0116255
1317384572.307430744,-0.731864,0.257842,9.70203,0.00195591,0.000402479,-0.00895171
1317384572.407430649,-4.04512,0.178542,9.6763,0.00488834,-0.00454515,-0.00774817
1317384572.507430553,-310.211,-1.31354,5.37075,-0.00075966,-0.000763858,-0.00105118
1317384572.607429981,164.116,0.489069,11.5603,-0.00297069,-0.0115944,0.0185527
1317384572.707429886,606.737,2.25868,17.8946,-0.000346386,0.0116154,-0.0267232
1317384572.807429790,-460.122,-2.55152,3.62656,-0.00239732,-0.00736079,-0.0188861
1317384572.907434702,-13.1314,0.184707,9.90174,0.00632334,-0.0142773,-0.00237387
1317384573.007427216,-13.9819,0.268338,9.77713,0.00170127,0.00467609,-0.00489805
1317384573.107425451,67.0903,0.628572,10.6779,0.00208709,0.0121516,0.00179576
1317384573.207426071,-42.8041,0.0840461,8.74994,0.00256979,0.00801882,-0.00490179
1317384573.307426691,-2.79967,0.403523,9.64132,0.00383326,-0.00343773,0.00413569
1317384573.407426596,6.30211,0.422107,10.0632,-0.000428413,0.000231031,0.00433071
1317384573.507426500,-4.44299,0.33196,9.80211,0.00442143,0.00495706,-0.00473542
1317384573.607426882,3.76277,0.411546,9.90107,0.00923422,0.00629039,-0.00203418
1317384573.707426786,-4.61942,0.428075,9.76428,-0.000429983,0.00534051,-0.00345012
1317384573.807426929,-0.6275,0.441664,9.58293,0.00341491,0.00780826,0.00504488
1317384573.907426596,1.08423,0.383043,9.77564,-0.00420963,-0.00729385,-0.00109026
1317384574.007426500,-3.78539,0.313271,9.84089,-0.00465499,-0.0011073,0.000534069
1317384574.107426405,-3.06113,0.368943,9.72385,-0.00434409,0.000360759,-0.00562445
1317384574.207426310,4.55356,0.436103,9.98596,-0.00379948,-0.00878472,-0.00672974
1317384574.307426214,-141.182,-0.378668,7.71911,-0.00674832,0.00317458,-0.00980105
1317384574.407426119,195.369,1.4864,12.875,-0.00873263,0.00897394,-0.00965328
1317384574.507426023,25.7487,0.0677464,9.91548,-0.0155847,0.00319894,-0.0222148
1317384574.607426405,-88.1933,-0.453224,8.40769,-0.000954726,-0.00720607,-0.01592
1317384574.707427263,1.80991,0.162532,9.94685,-0.00350661,-0.0176809,-0.00865187
1317384574.807427645,1.65908,0.296838,10.1085,0.00550175,-0.00690741,-0.00916155
1317384574.907428741,-2.57958,0.235338,9.82525,0.00192232,0.0141766,0.00156454
1317384575.007427692,-3.42971,0.32683,9.61985,0.0127775,0.0188162,-0.00269438
1317384575.107426882,-4.79032,0.188303,9.64534,0.0164431,0.013119,-0.00522462
1317384575.207427025,-0.224778,0.362855,9.69741,0.0153925,0.00793392,-0.00603172
1317384575.307426929,1.87022,0.59478,9.84727,0.00456353,0.0101837,-0.00685061
1317384575.407426834,-6.69571,0.324117,9.8088,-0.0152888,0.0295589,0.00206819
1317384575.507426739,-2.39333,0.246432,9.3671,-0.00131019,0.0109003,-0.00501104
1317384575.607426643,-67.2958,-0.0163959,8.38295,-0.00924198,-0.00629307,-0.0145959
1317384575.707426548,-286.376,-1.28597,4.39251,-0.0053202,-0.0239258,-0.00497589
1317384575.807426453,766.398,4.7032,23.8472,-0.000638857,0.000105787,-0.0123205
1317384575.907427549,-419.487,-3.09317,1.81185,0.00999327,0.0156489,-0.0212555
1317384576.007425547,-9.11509,0.263004,9.54961,0.00574251,0.005923,0.00295526
1317384576.107425213,-26.5448,0.24136,9.07433,0.0162016,-0.00210837,0.00444869
1317384576.207424164,44.9004,0.530695,10.7613,0.0281962,-0.00923647,0.0301205
1317384576.307425022,-17.7721,0.76425,9.49294,0.0343865,-0.00381938,0.0685085
1317384576.407426119,-10.9053,1.20655,9.56879,0.043059,0.00233912,0.124807
1317384576.507425070,-4.53383,1.70124,9.71271,0.0339483,0.000505728,0.169761
1317384576.607425451,1.16316,2.13205,9.91439,0.0124203,0.0189247,0.215471
1317384576.707424879,-4.1568,2.45696,9.52007,-0.00358166,0.0415085,0.258465
1317384576.807424784,-3.92877,2.21333,9.4944,-0.0167968,0.0392948,0.272082
1317384576.907424450,-1.08403,2.45231,9.76987,-0.00708349,0.0135554,0.314839
1317384577.007424116,-3.38173,2.46225,9.36843,0.00142054,0.00386322,0.333698
1317384577.107424736,-4.03569,2.64188,9.34832,0.0109394,-0.00869635,0.373974
1317384577.207424641,-0.201941,2.91857,9.76137,-0.00376342,-0.0108077,0.419971
1317384577.307424545,-1.37711,3.21352,10.0861,-0.00369041,0.00110605,0.477218
1317384577.407424212,-18.6472,3.05411,9.74747,0.00461711,0.0167899,0.464013
1317384577.507424116,3.58753,1.14002,9.88078,0.00523596,0.0208672,0.349615
1317384577.607423782,36.3583,4.32785,10.2112,0.00459673,0.0148044,0.716562
1317384577.707423687,-27.4012,5.64706,8.90246,-0.000819451,0.0180091,0.65614
1317384577.807423830,1.57561,3.53835,9.76875,-0.00739064,0.0241768,0.629692
1317384577.907423973,-3.8517,3.66575,9.92528,-1.91681e-05,0.025022,0.634086
1317384578.007423878,0.248025,3.41486,9.63458,-0.00445387,0.0273429,0.620114
1317384578.107424021,2.36234,3.62203,9.49868,-0.00246359,0.0347203,0.679684
1317384578.207423925,-3.67681,3.91533,9.38543,-0.0120921,0.0405799,0.691243
1317384578.307424307,2.94318,3.94868,9.9455,-0.0294712,0.0464286,0.706421
1317384578.407423973,-4.06507,4.02272,9.66208,-0.0382449,0.0403178,0.687492
1317384578.507423639,-0.702782,3.11071,9.53743,-0.0275748,0.0288323,0.654893
1317384578.607423782,3.28341,3.24554,9.78237,-0.0236134,0.025451,0.683025
1317384578.707423687,-2.91154,3.35482,9.51163,0.000253943,0.0176711,0.68814
1317384578.807423592,-197.607,9.4975,5.09369,0.0309411,-0.047297,-0.621911
1317384578.907423735,321.281,-6.23,16.0244,0.019628,-0.0614072,-0.70811
1317384579.007423401,-47.9939,65.961,6.7491,-0.0567106,0.104818,3.10269
1317384579.107422590,-73.9811,7.64213,8.27139,-0.0190936,0.0489334,0.858789
1317384579.207420349,4.0716,2.93354,9.67266,-0.00629101,0.0844796,0.648026
1317384579.307420969,-0.124803,3.97748,9.62992,0.0148089,0.110171,0.722737
1317384579.407421112,0.0247912,3.65096,9.80575,-0.0104446,0.113749,0.669849
1317384579.507421255,0.145092,3.83407,9.37828,-0.0197479,0.12443,0.702503
1317384579.607421637,0.421907,3.28114,8.94787,-0.0260711,0.0962837,0.675769
1317384579.707421780,0.994027,3.58423,8.82263,-0.00652286,0.0581151,0.722536
1317384579.807421446,-0.560586,3.55053,9.28993,0.00989144,0.039525,0.689617
1317384579.907421112,2.18253,3.78315,9.6408,0.00689586,0.0562021,0.703147
1317384580.007420778,-0.401794,3.84731,9.60189,0.00584962,0.0647122,0.705449
1317384580.107420683,0.994415,3.73942,9.79657,0.00544619,0.0611639,0.678951
1317384580.207421064,3.16308,4.41815,9.62431,-0.0175339,0.0478979,0.69876
1317384580.307420969,-2.86112,3.96327,9.13246,-0.018979,0.0235861,0.665614
1317384580.407420874,-7.05447,3.95387,9.15167,-0.00358488,-0.00770487,0.621196
1317384580.507420778,-31.6081,1.4269,9.31389,0.0146552,-0.0330445,0.207459
1317384580.607420683,96.7381,4.17775,10.5031,0.0198374,-0.00425169,0.729152
1317384580.707421303,-48.2755,9.34724,9.85838,0.000564792,0.0399842,0.963379
1317384580.807420969,-4.05514,4.74738,9.54481,-0.0037716,0.034379,0.631334
1317384580.907421112,0.0129291,4.35623,9.60369,-0.0065442,0.0332364,0.61032
1317384581.007420778,6.65393,4.19209,9.88252,-0.00352861,0.0380464,0.627567
1317384581.107420444,-2.2129,4.91935,9.50542,-0.00924426,0.0321423,0.61114
1317384581.207420349,5.40286,4.54255,9.16222,-0.0297439,0.0091701,0.548813
1317384581.307420015,-1.20617,4.6587,9.45832,-0.0494866,-0.0047204,0.503024
1317384581.407419920,5.08339,3.67601,9.86724,-0.0520432,-0.00628805,0.432155
1317384581.507419825,-64.3753,1.53961,9.99458,-0.0288586,-0.002716,0.220792
1317384581.607419491,88.9553,0.76844,10.2073,0.00956342,0.00946311,-0.0225283
1317384581.707419395,19.6936,11.9778,9.52779,-0.0205182,0.030865,0.77757
1317384581.807419300,-35.3891,2.84159,9.6134,-0.0175128,0.0197746,0.357004
1317384581.907419443,-0.374499,2.68291,9.68536,-0.0359832,-0.000304814,0.238822
1317384582.007419348,-0.320464,2.46369,9.68314,-0.0324826,-0.00582265,0.222334
1317384582.107419491,3.94707,2.01305,9.6803,-0.0450798,-0.00817099,0.154842
1317384582.207418919,-17.6864,1.23519,9.88699,-0.0507421,-0.0188247,0.0933441
1317384582.307418585,5.18604,0.193801,10.0543,-0.0170484,0.000980679,-0.00498678
1317384582.407418251,56.7305,1.12457,10.0416,-0.0292417,0.00368698,0.0490944
1317384582.507417917,-40.6207,0.0536977,9.57984,0.00121657,0.00846578,0.0288257
1317384582.607417822,3.98176,0.429941,9.65889,0.00389798,0.00695532,0.0103671
1317384582.707417727,6.43335,0.753375,9.73005,0.0142774,-0.000576004,0.0170487
1317384582.807417870,-4.5036,0.529441,9.97544,0.00272834,-0.0121705,0.0256001
1317384582.907417536,5.91628,0.530258,10.1698,-0.00320748,0.0094268,0.019373
1317384583.007417679,0.808798,0.508845,9.62756,0.00626364,0.0176428,0.0213691
1317384583.107417583,6.18378,0.404322,9.76004,0.0108564,0.0125349,0.0172062
1317384583.207417727,-7.49888,0.500418,9.59306,0.0120156,-0.00068043,0.0203784
1317384583.307417631,1.56672,0.819326,9.60145,0.00171478,-0.0103485,0.0135304
1317384583.407417536,9.62167,0.585064,10.0809,0.00568266,-0.00873589,0.0106192
1317384583.507417440,-5.04764,0.56814,9.79223,0.00279573,0.00350821,0.0125606
1317384583.607417345,7.36868,0.393893,9.89331,-0.0115607,-0.00324956,0.00514859
1317384583.707417250,-329.878,0.439907,8.11587,-0.00808453,-0.0108241,-0.01425
1317384583.807417393,201.634,1.19273,11.132,-0.0125446,0.00101219,-0.0287173
1317384583.907416344,421.74,0.996872,11.9309,0.00470083,-0.00476764,0.00182317
1317384584.007414818,-155.457,1.09493,8.9224,0.00652614,-0.000789429,0.0176251
1317384584.107413054,-126.288,-0.264732,9.26323,-0.0037957,-0.0144256,-0.0111161
1317384584.207411528,8.88576,0.107778,10.2049,-0.00254945,-0.0341535,-0.0158964
1317384584.307412386,-18.599,0.295895,9.99607,0.0100981,-0.0189068,-0.0111859
1317384584.407413960,6.58438,0.273947,10.0151,0.0116916,-0.00556736,-0.00943047
1317384584.507414103,2.31009,0.257636,9.90592,0.00535008,0.000357797,0.00150212
1317384584.607414484,-0.435737,0.480647,9.62802,0.00739405,-0.000321732,0.0117719
1317384584.707414150,3.71725,0.620544,9.84244,0.0052121,-0.0222438,0.0146046
1317384584.807413816,-3.41368,0.737546,10.0239,-0.00169826,-0.00862907,0.0181197
1317384584.907413483,5.09148,0.680603,10.0238,-0.000196161,0.00734814,0.0192489
1317384585.007413626,-1.21218,0.788033,9.61135,0.000647465,0.0133272,0.0261516
1317384585.107413292,-2.32929,0.59299,9.67426,-0.00568482,-0.00563257,0.0141004
1317384585.207413197,3.92,0.556336,9.61532,0.00181468,-0.0113355,0.0130011
1317384585.307413101,8.69463,0.480233,9.88109,0.00420681,-0.00883303,0.00981476
1317384585.407413006,-61.6917,0.43859,9.70684,0.00290827,-0.00680876,0.00330448
1317384585.507412910,-661.287,0.412065,8.14582,-0.00695871,0.00231489,-0.0303649
1317384585.607412338,1457.83,3.14924,14.3762,-0.00788298,0.00489799,-0.00328025
1317384585.707411528,-628.556,1.53444,7.27001,-0.00842141,0.0177634,0.0466765
1317384585.807412863,-62.0007,-0.127139,9.10386,-0.0105376,0.0304298,-0.00140194
1317384585.907409668,2.02321,0.287488,9.64559,0.00464181,0.027247,-0.00648409
1317384586.007409334,4.24962,0.23363,9.80593,0.00659242,0.0461672,-0.00486055
1317384586.107408762,-7.61935,0.371553,9.06593,-0.00584498,0.0528453,-0.00920976
1317384586.207406998,-122.612,0.251111,8.15375,-0.00056124,0.0304705,0.00333551
1317384586.307406902,186.263,0.516734,11.7574,-0.00475366,-0.00429699,-0.00218996
1317384586.407407045,0.0764698,0.20064,8.49621,-0.0143481,0.039609,-0.0069796
1317384586.507407904,-66.0441,0.207792,9.11986,0.00407896,0.00104353,-0.000603491
1317384586.607407570,5.56732,0.33263,10.0133,0.00662578,-0.0215272,0.00422529
1317384586.707406759,-1.28543,0.259106,10.105,0.00820302,-0.0182738,-0.000412838
1317384586.807406664,-2.32039,0.26003,9.91824,0.00494565,-0.00556343,-0.00311419
1317384586.907405615,2.22437,0.196614,9.59858,0.0110903,0.0097824,-0.0055304
1317384587.007405281,-1.97119,0.305063,9.6254,0.0058283,0.00620775,-0.00396921
1317384587.107405186,-54.9678,0.4109,9.33784,-0.00215085,-0.0109356,-0.00150714
1317384587.207404852,-1.91966,0.443276,10.0056,-0.00504206,0.00623146,-0.005629
1317384587.307404757,173.386,-0.131844,11.656,0.0144169,0.0191089,-0.00679608
1317384587.407404661,-113.743,0.542129,7.85866,0.0120841,0.0157867,-0.00830642
1317384587.507404327,-8.0056,0.381176,9.38593,0.00761225,0.0158218,0.00125173
1317384587.607403040,3.16541,0.423937,9.72607,0.00494292,-0.00489543,0.00215076
1317384587.707402468,4.53931,0.641385,9.96856,-0.00665772,-0.0305335,0.00155537
1317384587.807403326,-7.74453,0.625305,10.2904,-0.0164472,-0.0274284,0.00654091
1317384587.907403469,4.43733,0.334767,10.1474,-0.0189785,0.00115591,0.00864324
1317384588.007403374,-1.98959,0.41472,9.46004,-0.00299385,0.0118202,0.00322004
1317384588.107403517,-1.8904,0.24558,9.81523,0.00895714,-0.00271705,0.00967577
1317384588.207403421,4.98957,0.326194,10.1601,0.0172992,0.000673476,0.00194726
1317384588.307403326,-7.81726,0.39676,9.60086,0.0139653,0.01833,0.0109059
1317384588.407403231,0.928619,0.462355,9.40996,0.0096558,0.0124739,0.011139
1317384588.507403135,4.66035,0.634101,10.1192,0.00386965,-0.0170665,0.0154029
1317384588.607403040,-509.207,2.51001,4.90855,0.00295561,-0.00832468,-0.00537009
1317384588.707402945,742.927,-2.4459,18.6278,-0.0102449,0.0308229,-0.017087
1317384588.807402849,24.138,2.63368,8.7354,0.0218102,0.015596,0.0415623
1317384588.907402992,-363.52,1.98622,5.56573,0.0105181,-0.000562918,0.0170131
1317384589.007403612,122.232,0.408774,10.947,-0.00738058,-0.00132026,0.00422731
1317384589.107403040,63.6807,0.486937,10.6796,-0.0125463,-0.0123288,0.00746581
1317384589.207403898,-89.2384,0.425617,9.11245,-0.00661162,0.00042424,0.000590274
1317384589.307403564,3.84867,0.355925,10.0151,0.00177304,-0.00889138,0.00111055
1317384589.407404423,-1.27327,0.321222,9.80078,0.00257183,-0.00491954,-0.00201908
1317384589.507403135,-4.25651,0.363451,9.73122,0.00536867,-0.00591021,-0.00143897
1317384589.607403517,3.86482,0.286011,9.86413,0.00430165,0.00176914,-0.000888904
1317384589.707402945,0.748128,0.366208,9.84114,0.0157589,0.00151016,-0.0082807
1317384589.807402611,-4.06745,0.431542,9.70138,0.00232016,0.00525854,-0.0105179
1317384589.907402515,2.33224,0.43721,9.77113,0.000958708,0.00395641,-0.0119659
1317384590.007402420,-2.22759,0.310334,9.78037,0.000380537,-0.0130172,-0.00633697
1317384590.107402086,0.464188,0.382564,9.97679,-0.00450812,-0.00997361,-0.00983535
1317384590.207401991,-25.2646,0.32622,9.72422,-0.0140236,0.00258641,-0.00775757
1317384590.307401896,-349.682,0.673686,5.4363,0.00304964,0.0132466,0.00289911
1317384590.407402039,753.615,-0.36612,20.3987,-0.00955133,0.0154082,-0.00992402
1317384590.507401943,-329.336,-0.179329,4.39409,-0.0146895,0.00264256,-0.0232584
1317384590.607401848,-32.6602,0.213751,9.21963,0.000699216,-0.0137982,-0.0137131
1317384590.707400084,2.64134,0.218162,10.1406,0.00302405,-0.0117202,-0.0158188
1317384590.807399273,-4.10738,0.239844,9.88488,0.00135637,-0.0068106,-0.0124375
1317384590.907396793,1.37746,0.200782,9.75373,-0.00379808,0.000281543,-0.0144856
1317384591.007395029,-1.29066,0.192872,9.75381,-0.00507837,-0.0168822,-0.0123441
1317384591.107393980,-0.236882,0.198991,10.1773,-0.00894371,-0.0265118,-0.014809
1317384591.207394123,1.44782,0.210739,10.5755,-0.0127425,-0.0342859,-0.0126959
1317384591.307394028,-3.98355,0.195444,10.2682,-0.00488191,-0.0241211,-0.017794
1317384591.407393694,-0.412836,0.2571,10.041,0.00628999,-0.00370284,-0.00795952
1317384591.507393599,2.97654,0.241415,9.84404,0.00804948,0.00957806,-0.00264845
1317384591.607393503,-226.726,0.695003,6.09852,0.00397218,0.0224753,-0.000248479
1317384591.707393408,157.302,-0.278591,12.9961,0.0133056,0.0385509,0.0151248
1317384591.807393312,360.506,-1.10761,16.912,0.0176772,-0.0204682,-0.00988684
1317384591.907393217,-297.399,1.17535,4.89048,0.00877434,-0.0200512,-0.00815591
1317384592.007390022,-69.0459,0.644914,9.03629,0.00333251,-0.0045807,0.00721809
1317384592.107389688,-37.516,0.389209,9.38216,-0.00265996,0.00670997,-0.00228764
1317384592.207389355,286.648,0.218549,13.5343,-0.00230528,0.00654772,0.0206161
1317384592.307389498,-177.344,1.11194,7.10342,0.00179812,0.00726915,0.0146666
1317384592.407388449,0.296012,0.516463,9.7178,0.00195087,0.00447716,0.0100696
1317384592.507387161,-0.618815,0.506485,9.69609,0.00530932,-0.0112325,0.0088875
1317384592.607387304,-0.255649,0.579184,10.0391,0.00911417,-0.00690732,0.011237
1317384592.707386017,-6.16787,0.526868,10.0585,-0.00602878,-0.00801695,0.00491465
1317384592.807385445,2.74624,0.510017,9.85264,-0.00562012,-0.00298081,0.00220489
1317384592.907385111,2.92549,0.589457,9.79435,-0.0103855,0.00399035,0.00339335
1317384593.007384777,2.94736,0.370923,9.83513,-0.0114768,0.00137058,0.00594498
1317384593.107384682,-2.49978,0.338517,9.74406,-0.00601698,-0.0012032,-0.000678284
1317384593.207384348,-5.56576,0.341276,9.6834,-0.00890526,-0.00403528,-0.000363358
1317384593.307384253,3.47437,0.386143,9.90795,-0.00261111,-0.00459023,0.00548262
1317384593.407384396,-461.522,0.829554,3.56429,0.00555837,-0.00426793,0.00213788
1317384593.507384300,678.432,-0.217585,19.0217,0.00476231,0.00365731,-0.00582153
1317384593.607383966,24.4653,0.839355,10.4572,-0.006975,-0.0101813,0.00768238
1317384593.707382917,-240.673,0.622956,6.22056,-0.0105685,0.00402574,0.00161189
1317384593.807379246,0.0444207,0.32376,9.72297,-0.00825164,0.00336069,0.000502243
1317384593.907377958,-0.310148,0.253162,9.87157,0.00207496,-0.00715241,-0.0053248
1317384594.007379293,-3.48608,0.239792,9.90314,-0.00246062,-0.00423479,-0.00716356
1317384594.107378483,0.0208051,0.198837,9.82956,0.000532121,-0.00393842,0.00485974
1317384594.207378387,3.31141,0.351464,9.89255,-0.000200151,0.00615848,-0.00292372
1317384594.307379007,-2.98367,0.439825,9.74518,0.00240241,0.00596901,0.000297712
1317384594.407379866,-1.39362,0.453371,9.74955,-0.00330843,-0.00280158,0.00182635
1317384594.507379532,4.21838,0.310992,9.84285,0.0045976,-0.00504788,0.00473696
1317384594.607379675,-1.32652,0.411516,9.77047,0.00150155,-0.00648288,0.00506308
1317384594.707379580,0.955555,0.489195,9.88412,-7.86625e-05,-0.00118794,0.00398574
1317384594.807379723,-2.97382,0.456153,9.7802,-0.00197291,0.00788263,0.00277605
1317384594.907379627,-3.71825,0.379137,9.74466,0.00345915,0.00193988,0.00340254
1317384595.007379770,6.20929,0.458858,9.78679,0.00339124,0.00463563,0.000160834
1317384595.107379675,-8.15531,0.406811,9.43474,0.00567926,0.000813761,0.0014728
1317384595.207379580,-178.928,0.655128,7.01078,0.00308943,-0.0053103,-0.00245592
1317384595.307379484,330.156,-0.00975808,14.7136,0.00756412,-0.00827663,-0.00649894
1317384595.407379389,-127.947,0.458487,8.16325,0.00364583,0.00472435,-0.00273014
1317384595.507379532,-22.3252,0.263992,9.57479,0.000253067,0.00611009,-0.00218272
1317384595.607379913,-2.58088,0.315767,9.72011,0.0082301,-0.000522194,-0.00259416
1317384595.707378864,-4.37733,0.325467,9.70307,0.0117027,-0.00285411,-0.000868858
1317384595.807378531,1.30548,0.385145,9.89449,0.00884847,0.00279637,-0.00308089
1317384595.907378674,2.25532,0.431236,9.76101,0.00259106,0.0127263,-0.00352302
1317384596.007378578,2.82665,0.491287,9.77331,0.00655137,0.0112481,-0.00041602
1317384596.107378483,-2.53898,0.518354,9.635,0.00176079,0.00391256,0.0105481
1317384596.207378626,-5.13624,0.712206,9.72969,-0.00172218,0.000787594,0.00741644
1317384596.307378531,2.03484,0.686636,9.89802,-0.0206446,0.00919296,0.00809988
1317384596.407378435,1.66686,0.552913,9.6286,-0.0122081,0.0250388,0.00819084
1317384596.507378578,-191.277,0.507283,6.29814,-0.00525184,0.0314234,0.00431434
1317384596.607378483,89.3463,0.513559,11.2846,0.0076943,-0.0108779,-0.0154337
1317384596.707378387,387.8,1.02666,14.7499,-0.0119196,0.0514619,0.0245299
1317384596.807378292,-286.565,1.00283,3.81095,-0.000589132,0.0149357,0.0124134
1317384596.907375336,-2.81645,0.464195,9.83874,-0.00188162,-0.0178057,0.0105665
1317384597.007374048,-3.93175,0.525482,10.0182,-0.00560961,-0.0114893,0.00835482
1317384597.107373714,-0.250284,0.518076,9.99977,-0.00422835,-0.0121981,0.0153459
1317384597.207373142,5.75199,0.588878,9.81154,-0.00787736,-0.0028487,0.0110358
1317384597.307373047,-5.21675,0.483928,9.88686,-0.00147531,-0.000541836,0.00998961
1317384597.407372952,-2.68949,0.470538,9.83715,-0.0050314,0.00717001,0.00801327
1317384597.507373095,7.44511,0.505188,9.80735,-0.000837116,0.00184884,0.0163763
1317384597.607372999,-5.74501,0.576295,9.72087,-0.000615095,-0.0114256,0.00257868
1317384597.707372904,-231.552,0.110922,6.66379,0.00203818,-0.00279576,-0.00646175
1317384597.807372808,422.017,0.770644,15.5793,0.00949498,-0.00742042,0.00163405
1317384597.907372713,-149.575,0.670049,8.00666,0.00547994,-0.0138237,0.0179499
1317384598.007372856,-38.8572,0.391079,9.5522,0.00503721,-0.000279347,0.00793423
1317384598.107372522,-3.29836,0.569581,9.67164,0.00299034,0.00996739,0.00593254
1317384598.207372189,-3.91346,0.483759,9.62909,-0.00399129,-0.00189783,0.0047984
1317384598.307372093,-62.1869,0.58629,9.11427,-0.014796,-0.0138809,0.00458528
1317384598.407372236,91.0137,0.403033,11.1005,-0.023482,-0.000963003,-0.00953613
1317384598.507372141,16.9075,0.40485,10.0717,-0.0239575,-0.00436291,0.00165379
1317384598.607371807,-43.0526,0.158407,9.22305,-0.0153194,-0.00466711,-0.0133421
1317384598.707372665,-5.16348,0.0969351,9.77448,-0.0104994,0.0102269,-0.0158935
1317384598.807372570,-0.528933,-0.0364414,9.61155,-0.0106184,0.00947123,-0.0182797
1317384598.907372236,1.37474,-0.128724,9.87871,0.0128413,-0.0127127,-0.0195068
1317384599.007372141,-2.38122,0.206342,10.0566,0.0229599,-0.0186882,-0.0187272
1317384599.107372284,-2.17227,0.323792,10.0567,0.00596632,-0.00573869,-0.02506
1317384599.207372189,0.991424,0.0835097,9.9064,-0.00675658,0.0304602,-0.0293202
1317384599.307372093,-5.15404,0.0145891,9.08816,-0.00306397,0.0218442,-0.0292219
1317384599.407371998,1.91711,-0.0176846,9.60768,-0.00106935,-0.0174043,-0.0351363
1317384599.507371902,-6.69758,-0.247604,9.93303,0.00472537,-0.0399359,-0.0296974
1317384599.607371807,-21.9356,-0.0379187,9.8331,0.0171623,-0.0543066,-0.0281678
1317384599.707371712,-86.9609,0.209183,8.88195,0.0147364,-0.0168829,-0.0128445
1317384599.807371616,249.185,0.186673,13.3163,0.0178624,-0.00625801,-0.0208805
1317384599.907371759,-139.061,-0.179534,8.00072,0.00397863,0.00936655,-0.0388296
1317384600.007372618,-50.7732,0.531627,8.89682,0.00528262,0.001923,-0.0104266
1317384600.107371807,80.3511,0.1281,10.6012,0.000446895,-0.0093286,-0.0141767
1317384600.207371950,-24.515,0.328247,9.9321,0.00235295,-0.00785568,-0.0119136
1317384600.307372570,-11.7521,0.183683,10.2248,-0.00281289,0.00566325,-0.00938553
1317384600.407374144,-2.62998,0.299656,9.77171,0.00168184,0.00844772,-0.00773967
1317384600.507374525,5.87674,0.361922,9.57386,0.0121279,0.0123295,1.30849e-05
1317384600.607374191,-3.76774,0.3632,9.74222,0.0136662,0.0125938,0.00327159
1317384600.707373619,2.49567,0.345543,9.83589,0.0216955,0.00681381,0.0171121
1317384600.807373285,-2.98774,0.635064,9.46032,0.0147073,-0.00315554,0.0289784
1317384600.907373190,-3.79327,0.822309,9.86005,0.0120627,-0.0239382,0.0346345
1317384601.007373095,4.63966,0.919949,9.8131,0.00475034,-0.02491,0.0371187
1317384601.107372761,0.190083,1.02832,10.1711,0.0011436,-0.0342636,0.0375681
1317384601.207372904,0.117078,0.909606,10.2053,-0.00151822,-0.00811766,0.0457427
1317384601.307372808,-119.851,1.10703,8.77494,-0.00245326,0.0137706,0.0409202
1317384601.407372713,51.4534,0.237685,10.8469,-0.00104909,0.0303328,-0.0278511
1317384601.507372618,253.817,2.43431,12.7326,-0.00738796,-0.00634963,0.123216
1317384601.607372284,-181.821,3.35422,7.54576,-0.00143038,-0.00348539,0.0947355
1317384601.707372189,-5.8467,1.3174,9.68843,-0.0115025,0.00588908,0.0654158
1317384601.807371855,1.30237,1.11096,9.65812,-0.029948,0.00660185,0.0448221
1317384601.907371521,4.33349,0.880119,9.77669,-0.0356787,-0.000118102,0.00953103
1317384602.007369757,0.934862,0.428483,9.84975,-0.0460818,-0.00367425,0.00108884
1317384602.107369900,3.96745,0.209345,9.83997,-0.0416226,-0.00509785,-0.031021
1317384602.207369566,-8.1534,-0.281979,9.93577,-0.0296594,-0.000602096,-0.0457448
1317384602.307369709,0.525051,-0.378759,9.81449,-0.0199911,0.00804923,-0.0608818
1317384602.407369137,10.2218,-0.51136,9.79001,-0.0183763,0.0126007,-0.0700158
1317384602.507369041,-8.03694,-0.560795,9.51525,-0.00768681,-0.00679368,-0.0826344
1317384602.607368708,8.54528,-0.78034,9.80794,-0.00346189,-0.00913767,-0.0887213
1317384602.707368851,-6.46493,-0.918529,9.90862,-0.0063512,-0.00813264,-0.0900304
1317384602.807368755,-394.569,-3.39941,6.67131,0.034151,0.00217568,0.0120628
1317384602.907368422,644.848,6.2144,14.92,0.0488753,-0.00581082,0.0200145
1317384603.007369041,-98.2897,-13.7335,9.74324,-0.0389565,-0.0136462,-0.289603
1317384603.107369423,-143.147,-2.72841,8.77438,0.00220974,0.00323209,-0.0889568
1317384603.207368135,-3.40524,-0.599428,9.79776,0.0058574,0.00432243,-0.0744485
1317384603.307369471,-3.30823,-0.389731,9.63139,-0.000611018,0.00975992,-0.0559672
1317384603.407368183,6.5173,-0.178509,9.86524,-0.0140783,0.0017642,-0.0442363
1317384603.507369518,0.197371,-0.264967,9.71364,-0.0248467,0.00276683,-0.0494066
1317384603.607368946,0.473881,-0.366247,9.77574,-0.0184517,0.00488178,-0.0392636
1317384603.707368374,1.9476,-0.423944,9.78129,-0.00218045,0.0118622,-0.0285796
1317384603.807368517,-3.18042,-0.210059,9.67501,0.00615532,0.00193323,-0.0142905
1317384603.907368422,4.17816,-0.00233041,9.84623,0.0242842,-0.0235234,-0.0108406
1317384604.007368088,-1.25637,0.244602,10.371,0.0326743,-0.0249989,0.00858233
1317384604.107367992,0.644674,0.346701,9.93364,0.0352857,0.00930546,0.0242578
1317384604.207368135,6.36089,0.559341,9.42727,0.0444708,0.0161487,0.0276338
1317384604.307367802,-7.85221,0.795383,9.56034,0.0454654,0.0253464,0.0449079
1317384604.407367706,-43.3705,1.2892,9.32737,0.0379856,0.0143828,0.0482848
1317384604.507367611,-196.708,1.90007,7.45628,-0.0180255,-0.0204515,0.00311298
1317384604.607367516,540.44,-3.35994,14.5992,0.0431015,0.00266147,0.0725368
1317384604.707367420,-296.427,6.82275,7.21754,0.0715385,0.022217,0.112211
1317384604.807366848,1.85591,1.47936,9.83595,0.0041116,0.0137412,0.0571835
1317384604.907366753,0.823009,1.13028,9.61538,-0.00920788,0.0140328,0.0550054
1317384605.007366419,5.18725,1.43986,9.44515,-0.0108283,0.00331045,0.0547834
1317384605.107365131,-8.02346,1.23751,9.53676,-0.00811393,-0.0191558,0.051647
1317384605.207364798,-69.8069,1.02601,9.72794,-0.00376888,-0.0233291,0.0368887
1317384605.307365179,121.557,0.456223,10.6939,-0.00602101,-0.0217873,0.0259584
1317384605.407364845,-21.906,1.67149,10.4721,-0.0103393,-0.042214,0.0531703
1317384605.507364511,-27.7045,0.864759,10.2994,-0.0115654,-0.0242597,0.0180961
1317384605.607364416,7.60013,0.667352,10.2567,-0.00640139,-0.00177376,0.010984
1317384605.707364082,-1.82518,0.560198,9.83355,-0.00634754,0.00148261,0.0174288
1317384605.807363987,-0.720193,0.60931,9.78616,-0.00844816,0.00911126,0.0160808
1317384605.907364368,2.46141,0.642143,9.65529,-0.00900786,0.0131975,0.0195111
1317384606.007364273,-2.05107,0.604047,9.6595,-0.00814239,0.0128012,0.0105402
1317384606.107364178,-42.7664,0.660156,9.32803,-0.00636381,0.0129616,0.00661612
1317384606.207364082,22.3113,0.419716,10.1039,0.00438633,0.00568003,0.0138655
1317384606.307363987,90.9361,0.674378,10.5645,-0.00839215,0.0217651,0.0264448
1317384606.407363892,-66.9113,0.912196,8.97235,-0.00347982,-0.0020055,0.0240724
1317384606.507363796,-7.29638,0.699166,9.78852,-0.0168758,-0.0108076,0.0110008
1317384606.607363462,3.61589,0.565539,10.0105,-0.00995282,-0.0100281,0.0111256
1317384606.707363844,4.91504,0.434681,10.0052,-0.0125207,-0.0086842,0.0084441
1317384606.807363749,-7.33276,0.404915,9.98367,-0.0079338,-0.000141764,-0.00043094
1317384606.907363653,4.31235,0.304489,9.98781,0.00234136,0.0123968,-0.00906793
1317384607.007363558,-1.50204,0.334765,9.58639,0.00115127,0.0183376,-0.00432817
1317384607.107363701,-2.87337,0.326857,9.73226,-0.00898291,0.00813893,-0.00374156
1317384607.207363605,7.14053,0.304869,9.89037,-0.00196231,0.000969368,-0.00743619
1317384607.307363510,-9.44826,0.197344,9.7221,-0.00767347,0.000606223,-0.00648631
1317384607.407363415,1.12699,0.238379,9.8921,-0.00703106,-0.00250522,-0.00675234
1317384607.507363319,-168.493,0.293921,7.53711,-0.00138578,-0.00698502,-0.0113178
1317384607.607363224,287.989,0.400448,13.4966,0.00789844,-0.00672518,-0.0143546
1317384607.707363129,-67.62,-0.272962,9.51612,0.0104294,-0.00956105,-0.018932
1317384607.807363272,-50.6191,0.133721,9.41791,0.0185645,0.0085371,-0.0106878
1317384607.907363653,-94.212,0.182589,7.86299,0.0111159,0.0259068,-0.00829455
1317384608.007364035,133.665,0.472617,11.4321,0.00206442,-0.0005493,-0.010245
1317384608.107363939,18.887,-0.201201,9.61772,-0.00734882,0.00681886,-0.0259307
1317384608.207364321,-63.1369,0.0602061,9.53381,-0.0121191,-0.017033,-0.0156009
1317384608.307364225,4.38178,0.152169,10.3061,-0.00965495,-0.00594075,-0.0100551
1317384608.407363892,-1.71602,0.104768,9.95642,0.00511636,0.0048187,-0.00586668
1317384608.507363558,-3.96166,0.198994,9.5807,0.00615476,0.0145961,-0.00820587
1317384608.607363462,3.80826,0.239863,9.61169,0.0157543,0.00960786,0.000359335
1317384608.707363129,0.453219,0.345955,9.67672,0.0155393,-0.0015504,0.00506643
1317384608.807363272,-3.94566,0.385776,9.86464,0.0198207,-0.00512236,0.000161381
1317384608.907363176,2.33575,0.520534,10.077,0.00702813,-0.0160011,0.00519185
1317384609.007363081,-1.77898,0.382694,9.96103,-0.0028822,-0.00239839,-0.00039199
1317384609.107362986,-0.112385,0.489867,9.90934,0.00171822,0.00460641,0.000733272
1317384609.207362890,-45.5342,0.497049,8.93088,-0.00448312,0.0089537,0.00298572
1317384609.307362795,-224.291,0.548549,6.14126,-0.00180713,-0.00144654,0.00239574
1317384609.407362700,580.757,-0.237687,18.8649,0.000230219,0.0087032,0.00584085
1317384609.507362604,-308.991,0.684535,4.73149,-0.00184207,0.0114483,0.00209978
1317384609.607361794,-10.0061,0.364884,9.60949,-0.00409474,-0.00148614,0.00392445
1317384609.707360268,3.06403,0.36545,10.0019,0.00328371,-0.0022635,-0.00129908
1317384609.807360172,-5.36164,0.437065,9.82167,0.000163576,-0.00383552,0.000115987
1317384609.907359600,2.15186,0.490052,9.87416,-0.00342601,0.00214603,0.00027738
1317384610.007359505,-1.31001,0.471476,9.69812,-0.00374756,0.00888155,0.00250283
1317384610.107359886,-1.03932,0.456182,9.74195,0.00631483,0.00322738,-0.00242341
1317384610.207360029,1.26275,0.40596,9.94109,0.00487672,0.000351829,-3.66795e-05
1317384610.307359934,-5.735,0.356257,9.89949,0.00766051,0.00757942,0.00731757
1317384610.407359362,-1.76122,0.442502,9.9202,0.00417586,0.0146902,0.0138199
1317384610.507359505,1.16881,0.549653,9.77108,0.00416776,0.0204804,0.0158895
1317384610.607359409,-250.005,1.65838,4.80133,0.00140016,0.00989392,0.00861045
1317384610.707359314,242.887,-0.69447,14.3758,-0.00558821,-0.00980949,-0.0019331
1317384610.807359219,239.449,0.557043,13.5221,0.00245503,0.0212224,0.0334455
1317384610.907359362,-241.688,2.15009,5.08235,-0.00390926,0.00564159,0.0200928
1317384611.007356167,-58.5581,1.09385,8.47905,0.00446096,-0.00464923,0.0206411
1317384611.107356310,4.01994,0.282913,9.95855,0.00154049,-0.0034236,0.0103748
1317384611.207355976,144.465,0.103488,13.2489,0.0133335,-0.00272415,0.0502913
1317384611.307355642,-103.144,2.07998,7.41943,-0.00716754,-0.00700984,0.0459287
1317384611.407356024,-3.13042,0.781978,9.81414,-0.00993755,-0.00473454,0.0314235
1317384611.507356167,-6.5927,0.6527,9.73066,-0.0143118,0.00456814,0.017801
1317384611.607355118,0.259589,0.475894,9.89369,-0.00106892,0.0108805,0.0128582
1317384611.707354784,-2.55418,0.562825,9.75388,-0.00172377,0.0105733,0.0146193
1317384611.807354212,-6.43051,0.65012,9.45677,0.000811816,0.00264127,0.0148013
1317384611.907354116,-0.490763,0.576426,9.71927,-0.000547458,-0.00421831,0.0191024
1317384612.007354259,-3.57948,0.531504,9.68048,0.000955276,-0.0048899,0.0143723
1317384612.107354403,-2.31177,0.639535,9.75447,-0.00995293,-0.0116831,0.015021
1317384612.207354307,-1.17402,0.624031,9.71281,-0.0119095,-0.0297226,0.0081671
1317384612.307354212,-1.20457,0.460287,9.7079,-0.0143055,-0.0324944,-0.00920554
1317384612.407354116,-270.246,1.09205,4.84134,0.00195539,0.00388423,-0.0254195
1317384612.507354021,423.188,0.22618,17.9066,0.015835,0.0214857,-0.0297723
1317384612.607353926,-41.1443,-1.37579,11.4394,-0.0202873,-0.0737256,-0.0577373
1317384612.707353830,-113.04,-0.503838,7.50091,0.0132265,0.00112555,-0.0411618
1317384612.807353973,-0.364463,0.297599,9.66658,0.0156558,0.00980379,-0.0429827
1317384612.907355070,-0.395468,0.220256,9.70018,-0.000147572,0.00992866,-0.0462272
1317384613.007355213,-2.22832,0.0552329,9.64475,0.0101111,0.00405013,-0.0452477
1317384613.107355356,-0.414005,0.0805892,9.76475,0.00238187,0.00350178,-0.0379056
1317384613.207355022,1.48512,0.218187,9.90357,-0.00517278,0.00300367,-0.0359458
1317384613.307354927,-0.40285,0.238436,9.83027,0.00495368,0.00525793,-0.0387036
1317384613.407355309,-0.439146,0.22915,9.71649,0.00483982,0.0122615,-0.0265558
1317384613.507355213,-1.55333,0.142311,9.68246,0.00264518,0.00920961,-0.0292573
1317384613.607355356,-1.68035,0.146337,9.68597,0.00361188,-0.000765888,-0.0152337
1317384613.707355261,2.71793,0.28564,9.73454,-0.00216821,-0.0130716,-0.0109526
1317384613.807355404,1.06714,0.292471,9.69737,-0.00257967,-0.0249463,-0.0140845
1317384613.907355309,-1.38669,0.453144,9.90446,-6.98148e-05,-0.0262601,-0.0063123
1317384614.007355213,-1.47961,0.297729,10.1644,0.00208918,-0.020062,-0.0093038
1317384614.107355118,-12.3317,0.256282,9.96243,0.00496031,-0.0089668,0.00265419
1317384614.207355022,-120.555,-0.2541,8.96239,-0.00667413,0.0113982,-0.00322585
1317384614.307354927,282.38,1.81541,11.9589,-0.00901442,-0.00176318,0.00661223
1317384614.407355070,-122.507,-0.100412,9.08155,0.00190614,-0.0177571,0.00154033
1317384614.507354498,-11.9798,0.236471,9.84598,0.0112861,-0.0178416,-0.00326081
1317384614.607354403,-2.31729,0.243842,9.84582,0.0153327,-0.00887054,-0.000207611
1317384614.707353830,3.22487,0.436064,10.0259,0.0121878,0.0194438,-0.0126127
1317384614.807353735,2.35565,0.386205,9.76514,-0.0224298,0.0393779,-0.0115119
1317384614.907353878,-0.567861,0.141505,9.66481,-0.0100551,0.030615,-0.0118388
1317384615.007353544,-1.69431,0.337348,9.24621,0.00241937,0.0204001,-0.0178256
1317384615.107353210,-1.30148,0.344559,9.40672,0.00302543,-0.0256578,-0.026625
1317384615.207353115,2.45064,0.244566,10.1137,-0.010608,-0.0434888,-0.0280487
1317384615.307353020,1.61456,0.0659499,10.4651,-0.0124953,-0.0192721,-0.0253906
1317384615.407353163,0.73346,0.102747,10.2425,-0.00689704,0.00157831,-0.0251805
1317384615.507353067,-199.779,-0.353219,8.12096,0.00531549,0.0224774,-0.00501742
1317384615.607352972,147.111,-0.485572,12.0998,0.00468502,0.0465376,0.058804
1317384615.707353115,302.956,-1.52207,13.6125,0.027793,-0.0298953,-0.0876468
1317384615.807352781,-249.332,-0.68197,7.14172,0.000443104,-0.0298205,-0.0433698
1317384615.907356739,-13.1267,0.229453,9.87318,-0.012292,-0.0251286,-0.0133701
1317384616.007355690,-4.4825,0.182016,9.85927,-0.00364587,-0.0122678,-0.00854823
1317384616.107356310,56.2778,0.290314,10.3004,-0.0134308,-0.00799986,-0.021461
1317384616.207355261,-37.44,0.17672,9.83019,-0.0142058,0.00491195,-0.0208387
1317384616.307355165,4.47788,0.264357,9.80304,-0.00850435,0.00976861,-0.0192109
1317384616.407354832,-0.37118,0.108228,9.70795,-0.00780942,7.08875e-05,-0.018709
1317384616.507354975,2.21053,0.159013,9.99119,0.00757766,0.000616356,-0.00704627
1317384616.607354879,-0.951349,0.245026,9.99076,0.0186147,-0.000591582,0.000143954
1317384616.707354546,-2.54666,0.330416,9.90471,0.0129246,0.00903362,-0.00526219
1317384616.807354450,3.07597,0.543417,9.8587,0.00577022,0.0119317,-0.00364047
1317384616.907354355,2.04292,0.563775,9.76136,0.00602428,0.00543717,-0.00371483
1317384617.007354259,2.81975,0.486488,9.86248,-0.00160753,0.0126616,-0.00538154
1317384617.107353926,-2.26246,0.439287,9.83409,-0.00482254,0.0130584,0.00223324
1317384617.207353830,-3.20165,0.500644,9.74145,0.0018144,0.0085271,0.0103693
1317384617.307353735,-285.426,0.296571,5.77789,-0.00257693,-0.00838454,-0.00258003
1317384617.407353640,431.297,0.633416,15.1361,-0.00231166,-0.0133141,0.00218929
1317384617.507353783,3.27357,2.25459,9.58871,-0.0103152,0.005353,0.0564909
1317384617.607353449,-146.256,1.12461,8.19296,-0.0179562,0.00449087,0.0242725
1317384617.707352161,-2.8101,0.634919,9.82715,-0.0107317,0.00564407,0.0280636
1317384617.807351351,-0.127244,0.590308,9.92011,-0.00423109,0.00646783,0.0237574
1317384617.907351732,1.80263,0.56105,9.8919,-0.00727403,0.0196361,0.0174398
1317384618.007351160,1.75012,0.636971,9.72105,-0.00426388,0.0152774,0.0261116
1317384618.107351542,-0.510419,0.629747,9.5751,0.00673358,0.00690274,0.0218677
1317384618.207351685,-3.88573,0.495686,9.6571,0.00219445,0.002443,0.0187588
1317384618.307352066,-0.316321,0.502159,9.81805,0.00240883,-0.000118627,0.019993
1317384618.407351732,2.58322,0.527512,9.87482,0.00392294,-0.00809307,0.0131922
1317384618.507351637,-3.35046,0.498998,9.77032,0.000364566,-0.000742721,0.0127106
1317384618.607351542,-1.98969,0.519335,9.83985,-0.00587012,0.00281594,0.0178028
1317384618.707351446,-73.4676,0.132975,8.76241,-0.0011841,-0.00198264,0.010787
1317384618.807351351,-310.792,-0.0455248,4.66111,-0.00519606,-0.0110899,-0.0381698
1317384618.907351494,732.337,3.90164,20.4301,-0.0181433,-0.0143159,0.00507856
1317384619.007350922,-248.247,0.542751,6.28766,-0.0130759,-0.00487958,0.0524468
1317384619.107352018,-239.448,-1.08186,6.76948,0.00340805,-0.00104378,0.00732701
1317384619.207352638,238.694,1.67551,13.0773,-0.0106317,-0.0132303,-0.0010357
1317384619.307352543,-100.472,-0.275892,9.01448,-0.0389518,-0.0307264,-0.000812376
1317384619.407351255,-12.9346,0.120563,9.5857,-0.019068,-0.00865813,-0.00941175
1317384619.507351398,-1.9838,0.183103,9.92235,-0.0193509,-0.00670071,-0.0146445
1317384619.607351542,1.38129,0.0723542,10.1285,-0.0173626,-0.0119172,-0.0134354
1317384619.707351208,-1.80464,-0.00134352,9.9598,-0.0131623,-0.0081782,-0.0192781
1317384619.807350874,-0.938226,0.12664,9.9173,-0.0106526,0.00539417,-0.00198784
1317384619.907350779,0.586421,0.161401,9.81993,0.0026351,0.0191399,-0.0082259
1317384620.007350683,-1.50474,0.177679,9.68359,0.00916264,0.00984798,-0.001933
1317384620.107350588,-2.06371,0.220294,9.61175,0.00930303,0.0184335,0.00458295
1317384620.207350492,2.10209,0.37489,9.62192,0.00220782,0.0183306,0.0141718
1317384620.307350159,0.934791,0.330626,9.63893,0.0123809,0.0087462,0.0172485
1317384620.407350063,-0.23757,0.26977,9.66223,0.0130853,0.00994247,0.0146282
1317384620.507349968,-46.3408,0.415516,8.88893,0.00380718,-0.00241959,0.0172566
1317384620.607349873,10.6502,0.313441,9.95082,-0.00165839,-0.00666006,0.0108521
