1825,-88.5125,-49.4783,10.1422
1824,-99.2574,-41.5186,6.18567
1823,-100.008,-35.5577,9.49675
1822,-99.0529,-45.5307,7.7086
1821,-90.2896,-48.0621,6.56942
1820,-100.053,-38.9788,8.51469
1819,-96.3134,-51.4175,5.59158
1818,-96.1763,-48.1784,6.44059
1817,-99.2347,-38.543,8.76367
1816,-95.3142,-41.4411,5.7776
1815,-96.0457,-43.6339,6.4917
1814,-98.1504,-47.8523,6.41271
1813,-94.632,-45.2353,9.87188
1812,-87.297,-50.5463,9.82138
1811,-96.1159,-47.213,8.44174
1810,-95.5659,-37.8225,9.42837
1809,-95.3684,-39.2587,9.85048
1808,-90.7,-47.451,9.37579
1807,-90.3835,-47.8957,9.29651
1806,-100.156,-38.0513,8.70793
1805,-94.8818,-47.0014,6.88617
1804,-93.1363,-44.9285,6.53291
1803,-94.4951,-48.0185,5.23326
1802,-92.6444,-41.7434,7.54849
1801,-93.3536,-43.8969,7.98933
1800,-97.6236,-46.3194,7.25458
1799,-101.03,-40.8272,8.07237
1798,-95.2945,-48.0663,5.57528
1797,-93.3306,-42.9131,9.14912
1796,-94.2731,-51.0074,6.63341
1795,-92.5941,-49.3486,8.53366
1794,-93.0698,-41.2563,7.07296
1793,-91.3209,-47.7783,6.57909
1792,-88.8537,-46.956,10.1806
1791,-89.5826,-47.4038,5.96255
1790,-91.0818,-49.9499,9.02097
1789,-96.8881,-47.1038,8.15919
1788,-101.711,-41.0646,9.19351
1787,-97.625,-50.116,9.33107
1786,-92.8249,-46.0759,6.83642
1785,-95.0589,-45.9033,5.37682
1784,-92.929,-49.7044,10.0435
1783,-97.0894,-44.9909,8.72326
1782,-92.7624,-46.7533,5.79713
1781,-95.4336,-48.9044,5.47898
1780,-99.0442,-37.3333,7.80992
1779,-92.5141,-52.1094,9.6659
1778,-92.0296,-42.8712,7.45761
1777,-91.6,-33.7246,9.69346
1776,-90.2942,-46.8511,7.25702
1775,-90.92,-39.9384,9.09327
1774,-97.2973,-43.6945,9.15559
1773,-93.8558,-48.8641,8.55994
1772,-87.2823,-44.5757,10.2173
1771,-91.6279,-37.3629,8.75447
1770,-94.3279,-44.4296,9.52018
1769,-92.9589,-36.2933,8.49263
1768,-101.786,-36.8953,8.43565
1767,-90.95,-46.3932,7.42659
1766,-95.6292,-43.9773,5.86914
1765,-91.8819,-43.2065,6.07328
1764,-95.0116,-45.8915,6.46869
1763,-92.6264,-49.9496,10.0243
1762,-90.7628,-48.5064,8.30395
1761,-92.9715,-39.4738,5.48107
1760,-94.9685,-40.8033,7.2157
1759,-97.4686,-41.2474,9.24126
1758,-90.7075,-36.5147,8.49699
1757,-95.2723,-47.4739,9.20402
1756,-91.6549,-46.4084,5.52222
1755,-91.3791,-44.976,8.31434
1754,-94.1658,-41.6017,9.05805
1753,-96.4821,-42.6047,9.50259
1752,-93.8379,-42.6827,8.3426
1751,-99.0072,-37.3112,7.70322
1750,-96.9833,-45.306,8.865
1749,-98.4275,-40.6299,5.86214
1748,-96.1267,-51.2052,9.77553
1747,-97.2256,-34.4377,9.56725
1746,-95.7974,-44.7058,6.00174
1745,-93.7577,-42.1475,9.58189
1744,-87.4157,-41.2684,8.81458
1743,-88.4584,-44.1325,6.26299
1742,-92.906,-50.1234,7.4188
1741,-86.4143,-45.2931,6.70143
1740,-93.0781,-36.4768,7.03958
1739,-90.3408,-47.7977,8.67322
1738,-92.0675,-38.8941,8.40106
1737,-96.0111,-41.7876,7.88884
1736,-95.132,-38.7243,7.52751
1735,-89.4477,-32.9622,8.90394
1734,-91.7782,-49.3949,7.21685
1733,-88.228,-44.964,7.99284
1732,-91.9021,-41.7672,7.86053
1731,-85.6433,-48.2158,9.7458
1730,-93.146,-43.4312,9.40299
1729,-86.6019,-46.5594,9.04559
1728,-90.7131,-44.2554,8.07282
1727,-90.1289,-44.92,6.99293
1726,-93.8327,-48.5534,8.24117
1725,-90.1919,-44.395,5.52127
1724,-89.0489,-47.9722,6.49669
1723,-91.2102,-48.723,7.8224
1722,-90.0237,-38.5921,9.62323
1721,-92.9158,-40.1895,5.28245
1720,-95.0183,-40.2583,6.03497
1719,-89.1719,-45.7109,8.373
1718,-89.1348,-39.6885,9.64264
1717,-84.9431,-49.7208,9.15675
1716,-83.8041,-48.3511,7.86953
1715,-90.7707,-37.5939,8.89041
1714,-86.2167,-47.2199,6.19418
1713,-91.3278,-45.462,5.60715
1712,-90.8357,-45.4853,9.01696
1711,-89.3433,-41.0312,7.16435
1710,-83.5229,-48.0873,9.01649
1709,-96.3501,-38.6428,7.8145
1708,-86.4641,-42.6514,9.98188
1707,-92.7974,-42.5901,6.46802
1706,-96.5174,-36.493,8.55568
1705,-90.0959,-45.7524,6.68696
1704,-86.844,-41.2155,10.0214
1703,-87.7008,-40.599,6.65535
1702,-95.3383,-33.9857,9.27387
1701,-92.5832,-36.3483,7.58879
1700,-93.5772,-38.0592,8.81896
1699,-96.5897,-38.577,9.32052
1698,-85.6679,-47.5904,9.22019
1697,-91.2272,-36.9851,8.22595
1696,-90.1711,-39.7267,9.12994
1695,-93.9217,-38.4037,7.95082
1694,-88.1018,-38.4803,9.59381
1693,-83.6079,-45.5105,8.60243
1692,-88.9076,-47.3868,6.98448
1691,-86.8792,-48.1284,7.29765
1690,-83.6897,-46.8286,7.64996
1689,-84.8213,-48.5461,8.11079
1688,-88.6379,-39.5331,9.38544
1687,-86.7158,-47.4208,7.00655
1686,-90.6746,-36.8334,9.26148
1685,-93.3684,-36.1864,9.38737
1684,-86.2176,-46.0741,5.24131
1683,-87.0156,-44.9789,6.80591
1682,-89.5906,-46.7672,5.51213
1681,-87.25,-48.341,8.44081
1680,-92.1187,-39.07,7.37111
1679,-92.3779,-40.0488,8.8037
1678,-89.4791,-35.9129,6.51268
1677,-93.45,-47.6059,9.94204
1676,-90.4927,-37.9555,6.30694
1675,-87.7922,-32.7104,7.7483
1674,-82.578,-47.3594,8.93574
1673,-85.5156,-51.0519,10.0689
1672,-90.339,-43.2241,8.83235
1671,-90.4099,-46.9577,6.84649
1670,-87.1445,-44.2523,5.27206
1669,-88.825,-32.6558,8.04186
1668,-82.4527,-44.5701,9.18524
1667,-92.0564,-39.2044,6.68218
1666,-88.1489,-46.9788,8.87876
1665,-88.4723,-46.2498,5.5835
1664,-94.2225,-36.2295,7.6402
1663,-92.1737,-47.0692,9.52002
1662,-86.7902,-39.7372,7.21797
1661,-86.6076,-31.4736,9.86025
1660,-82.0678,-45.2791,8.23802
1659,-90.015,-39.6242,7.31282
1658,-82.8941,-43.675,8.69046
1657,-84.66,-42.8079,7.37046
1656,-85.9762,-44.3671,5.65514
1655,-89.9911,-38.4517,8.47525
1654,-87.7745,-37.8818,9.16251
1653,-89.0113,-44.7695,7.02282
1652,-86.2628,-43.7443,6.38152
1651,-88.4403,-39.6377,8.00457
1650,-84.9819,-45.0766,8.67124
1649,-88.4648,-35.99,4.94299
1648,-90.3831,-50.9288,10.13
1647,-88.8441,-38.3887,6.00462
1646,-92.0078,-39.0926,5.67893
1645,-88.1552,-42.1378,7.88964
1644,-84.7139,-43.6022,7.7194
1643,-86.881,-52.2818,9.91203
1642,-88.9679,-39.7051,8.45228
1641,-93.8486,-34.9733,7.91381
1640,-85.1293,-30.6057,9.08277
1639,-91.9007,-37.3878,9.79824
1638,-88.2681,-38.6651,5.01534
1637,-86.2454,-51.0029,9.09666
1636,-83.1736,-46.4876,10.2264
1635,-89.121,-36.1045,8.95864
1634,-86.7338,-38.466,6.83678
1633,-84.6994,-39.2214,6.80586
1632,-82.4909,-45.3957,5.65485
1631,-89.4779,-39.224,6.47224
1630,-90.2136,-45.6754,9.95997
1629,-87.2599,-42.209,8.94976
1628,-83.6783,-43.9265,5.63462
1627,-87.5283,-35.9025,5.90478
1626,-88.1359,-42.9506,6.22881
1625,-90.2641,-43.626,7.23818
1624,-89.6592,-48.2028,9.0875
1623,-85.8491,-43.7827,5.51411
1622,-83.2002,-45.746,5.73569
1621,-87.1575,-37.7011,5.37332
1620,-80.2646,-47.6458,9.75233
1619,-85.0521,-49.2706,8.63487
1618,-82.3773,-45.5464,6.82811
1617,-82.5791,-39.218,6.31232
1616,-88.3897,-37.5128,6.77514
1615,-82.1517,-40.1263,8.14341
1614,-85.8703,-43.2371,6.99895
1613,-90.2324,-36.9375,6.87968
1612,-86.2296,-41.8957,5.26061
1611,-87.5458,-47.2515,9.87425
1610,-85.7497,-40.62,7.44964
1609,-81.0138,-46.9245,9.28725
1608,-88.98,-35.5473,6.63923
1607,-83.8205,-41.4816,8.20626
1606,-83.6478,-35.8133,5.83793
1605,-87.0141,-42.1485,7.30595
1604,-84.8785,-39.6936,9.72653
1603,-88.4133,-37.6936,6.83906
1602,-87.4862,-40.3681,6.04909
1601,-85.5484,-44.1494,9.64887
1600,-88.4652,-36.5689,7.74217
1599,-83.8622,-37.4583,7.96826
1598,-79.1426,-45.6467,8.17006
1597,-85.804,-38.1824,7.16034
1596,-85.2192,-48.1132,7.23954
1595,-87.1268,-42.8511,6.70986
1594,-84.9422,-46.368,9.28878
1593,-85.1915,-45.6126,5.52211
1592,-85.1102,-40.8925,6.99194
1591,-88.0375,-37.8706,6.42174
1590,-82.711,-39.947,7.50857
1589,-84.781,-35.4383,6.71031
1588,-86.4511,-35.6036,5.64997
1587,-80.6388,-36.8024,8.11608
1586,-82.8166,-47.2637,6.97467
1585,-82.4666,-40.4711,6.46265
1584,-85.5624,-34.6474,9.13243
1583,-87.294,-38.4744,7.96379
1582,-81.3532,-43.5193,8.72428
1581,-83.8013,-44.9765,7.53302
1580,-84.9749,-46.99,6.44511
1579,-84.6446,-40.7107,5.69037
1578,-85.0724,-46.0555,9.64666
1577,-86.8704,-38.0461,9.38076
1576,-87.5369,-39.3304,5.86259
1575,-83.1271,-30.6021,8.43402
1574,-84.8968,-39.1112,7.22828
1573,-81.6671,-34.1906,9.37205
1572,-85.0447,-46.8883,5.68491
1571,-85.8595,-38.5799,8.63763
1570,-85.6261,-36.2422,7.34332
1569,-80.1161,-42.0201,6.35838
1568,-88.3729,-35.5724,7.96461
1567,-84.6569,-39.227,6.75008
1566,-82.2298,-32.8446,6.30673
1565,-85.7049,-45.6349,6.88622
1564,-83.8548,-38.1357,8.71833
1563,-82.9492,-48.3819,9.91664
1562,-87.0078,-41.1502,6.26701
1561,-83.3119,-38.3402,5.1266
1560,-82.3422,-32.6697,5.6576
1559,-83.0924,-40.1693,9.12714
1558,-80.5221,-36.6793,6.17894
1557,-78.2522,-42.4711,6.61839
1556,-84.5787,-45.5725,8.88706
1555,-79.097,-43.9179,7.11322
1554,-82.9909,-45.0901,7.28242
1553,-81.698,-39.5705,5.51746
1552,-80.5976,-38.4889,6.42622
1551,-82.7499,-38.3264,9.88486
1550,-80.4144,-31.7888,6.45794
1549,-83.3779,-32.9592,5.99404
1548,-75.9145,-41.6554,9.51524
1547,-88.5646,-36.7047,8.89326
1546,-80.2131,-36.7424,5.94297
1545,-85.2699,-33.3118,8.68437
1544,-83.1051,-33.855,5.22566
1543,-84.0027,-37.0995,4.98816
1542,-80.3002,-35.2847,5.63117
1541,-84.7874,-47.4536,9.08852
1540,-77.1439,-48.0745,9.98993
1539,-78.3797,-38.2149,8.64693
1538,-87.7811,-34.809,6.94307
1537,-82.8165,-41.9813,6.40696
1536,-83.9386,-34.5797,7.42216
1535,-81.0754,-30.8411,7.3615
1534,-78.8477,-41.5993,8.71896
1533,-82.2539,-43.2113,7.98729
1532,-78.6936,-41.0868,5.8266
1531,-86.7551,-34.2325,8.55521
1530,-82.1059,-43.0509,8.0865
1529,-80.0834,-29.5389,8.33132
1528,-77.3743,-44.66,6.89859
1527,-83.5178,-35.826,8.17543
1526,-85.1296,-36.0058,8.56237
1525,-76.515,-40.5637,8.21074
1524,-78.1027,-33.44,7.23327
1523,-83.8173,-40.4315,8.78447
1522,-81.7172,-39.587,8.58123
1521,-80.8912,-42.4314,6.44564
1520,-80.0929,-36.9908,6.95209
1519,-78.6116,-41.2453,7.23273
1518,-74.4571,-41.592,7.71496
1517,-78.5529,-34.5366,7.64816
1516,-79.0543,-36.8547,8.67163
1515,-79.905,-40.8351,7.79724
1514,-82.6168,-48.7736,8.83336
1513,-82.5564,-38.3006,5.00818
1512,-80.0495,-34.936,7.01656
1511,-84.324,-37.1767,8.55633
1510,-83.7069,-38.8737,9.19432
1509,-81.3743,-39.6166,5.62377
1508,-80.6706,-44.1519,8.92111
1507,-79.9541,-44.5946,10.1183
1506,-78.9073,-34.5298,6.27333
1505,-81.1756,-43.7675,9.97345
1504,-82.1637,-46.5138,10.0605
1503,-80.2511,-46.6837,7.90137
1502,-79.1799,-38.1147,8.31149
1501,-78.8889,-34.2578,8.52376
1500,-81.1044,-33.9283,7.86496
1499,-82.7308,-32.1493,9.69791
1498,-78.625,-41.3137,6.42154
1497,-81.02,-31.3897,7.53147
1496,-79.559,-40.5551,7.57859
1495,-81.7201,-38.2347,6.62171
1494,-85.6269,-36.7664,7.93361
1493,-80.9728,-48.6984,9.46263
1492,-79.4291,-37.6246,6.08321
707,-40.4715,-19.7541,6.34223
706,-38.0706,-12.8312,8.0793
705,-35.383,-15.7042,5.66877
704,-36.0663,-19.5328,6.43231
703,-36.6408,-17.5379,7.53558
702,-37.7116,-19.5659,5.72589
701,-37.828,-21.4976,8.77413
700,-33.5283,-20.7464,6.15576
699,-33.9372,-25.245,9.77803
698,-39.9559,-18.9687,7.84656
697,-41.1331,-17.5429,7.26246
696,-35.7542,-20.3832,8.025
695,-38.24,-26.3164,9.48792
694,-38.1809,-20.3636,7.68258
693,-41.4286,-19.4249,9.25751
692,-43.7819,-17.2079,7.4668
691,-37.5956,-24.0335,5.802
690,-34.4383,-21.4825,5.54848
689,-36.2218,-17.3321,5.18212
688,-36.4951,-22.7378,6.23462
687,-37.9318,-17.1309,5.05574
686,-35.6922,-25.4408,5.99991
685,-38.4265,-24.4915,7.44999
684,-27.8132,-24.6256,10.1786
683,-37.3795,-23.1049,7.58825
682,-38.1593,-17.1395,6.14237
681,-36.3262,-15.0105,8.0859
680,-34.1739,-19.1231,8.74587
679,-44.2206,-15.9748,7.31515
678,-34.7925,-18.3614,7.99483
677,-33.0876,-19.0531,7.19629
676,-33.6464,-22.6288,8.48429
675,-38.9985,-17.995,8.06492
674,-39.1916,-13.8941,8.30254
673,-34.4547,-25.3913,5.99897
672,-36.1716,-22.3377,8.88708
671,-34.4006,-18.2438,9.84987
670,-34.77,-19.6737,6.39815
669,-38.0935,-15.5607,6.74139
668,-41.2117,-12.5494,8.95656
667,-32.5352,-26.9473,9.90242
666,-35.8247,-14.4295,6.70281
665,-38.0627,-16.2812,5.25116
664,-36.7688,-26.9952,9.93787
663,-35.0883,-14.4864,5.83121
662,-33.9572,-18.521,7.73608
661,-31.5382,-15.8644,8.26956
660,-36.6283,-26.3912,9.48973
659,-34.2577,-13.237,5.98945
658,-33.3851,-29.0338,10.1971
657,-34.0153,-21.255,6.09731
656,-31.031,-20.1537,9.06219
655,-29.5696,-21.9023,9.34252
654,-33.6334,-15.5353,7.24004
653,-35.4912,-19.7795,9.28512
652,-36.7588,-12.961,7.8357
651,-35.537,-24.4608,7.81003
650,-31.8252,-24.881,8.2048
649,-34.4802,-23.6306,6.93223
648,-39.0794,-15.6371,6.00231
647,-35.1981,-18.8761,5.79874
646,-33.081,-12.5582,8.18209
645,-34.7854,-15.2136,9.78258
644,-33.3987,-21.0049,6.06419
643,-32.9542,-19.2375,5.61284
642,-32.8225,-21.124,8.62218
641,-33.2649,-22.3972,8.48647
640,-31.1556,-21.721,5.3793
639,-38.6223,-16.813,6.8011
638,-35.5072,-14.5611,9.57792
637,-29.7399,-21.7291,9.9129
636,-32.8429,-16.9192,6.64493
635,-36.6883,-17.6304,5.30567
634,-41.2675,-17.1308,9.69788
633,-31.0977,-19.7142,6.63762
632,-29.887,-22.1481,9.33406
631,-35.9217,-15.6448,5.21814
630,-43.6362,-14.3599,9.15892
629,-38.0977,-17.9246,6.48504
628,-37.0634,-22.2424,7.0491
627,-35.2159,-28.7846,9.31512
626,-29.567,-21.0594,9.18043
625,-34.4076,-16.6693,9.66403
624,-33.3643,-24.5504,7.33034
623,-27.7546,-16.6046,7.45085
622,-29.8504,-15.5987,8.49386
621,-36.9077,-15.0048,6.01077
620,-34.3903,-14.215,5.33606
619,-34.5748,-11.5515,8.64367
618,-32.1981,-10.8295,7.44861
617,-27.5706,-15.8843,8.34331
616,-28.4893,-18.0777,6.26253
615,-31.2369,-17.1309,5.78074
614,-38.0762,-12.1727,6.68098
613,-28.8438,-15.9252,9.14121
612,-35.7898,-12.5026,6.80482
611,-28.9484,-23.527,8.53477
610,-34.5645,-17.4397,9.39783
609,-34.927,-10.9733,9.12159
608,-35.5805,-13.3174,5.7659
607,-34.5702,-17.6791,9.25472
606,-32.7042,-19.1517,6.10778
605,-24.2138,-22.0893,7.65676
604,-29.2033,-10.9564,9.13513
603,-25.6678,-17.9208,9.84072
602,-31.087,-17.5976,6.16403
601,-29.4289,-17.2972,7.86419
600,-31.5251,-19.0615,8.15097
599,-31.2371,-9.5821,6.17969
598,-24.4195,-23.9789,9.70779
597,-26.7175,-20.236,7.55502
596,-32.1538,-10.2701,8.15982
595,-29.3416,-20.972,9.57959
594,-28.5526,-13.4311,8.60626
593,-27.8982,-22.422,9.81716
592,-31.9364,-16.3658,6.94402
591,-34.4618,-15.5904,6.9534
590,-31.8246,-19.7492,8.6306
589,-31.1062,-25.8448,9.10871
588,-33.1991,-19.8507,8.46147
587,-36.7171,-15.6149,6.02785
586,-30.8717,-19.3716,6.96361
585,-32.7736,-15.8649,7.29254
584,-35.9926,-19.5115,8.20697
583,-38.0655,-14.9328,7.4134
582,-30.7126,-18.9098,7.29065
581,-31.3564,-14.6446,5.46683
580,-33.979,-19.8857,5.24379
579,-32.1517,-19.1614,9.92355
578,-29.8553,-14.5096,5.21206
577,-30.7581,-16.1503,7.15299
576,-29.8507,-21.6327,7.12153
575,-28.8819,-20.9676,5.37575
574,-31.193,-27.7624,9.70457
573,-30.7496,-11.7776,7.70342
572,-28.5003,-15.958,6.8689
571,-33.1483,-10.601,9.08695
570,-29.5933,-13.8072,7.02721
569,-26.1894,-12.3571,9.1956
568,-29.8727,-5.59155,9.07607
567,-27.7583,-15.9036,6.33468
566,-28.9546,-15.838,6.15046
565,-32.5854,-14.8394,5.48938
564,-29.7673,-18.1097,8.90472
563,-28.6558,-15.1117,5.47159
562,-26.837,-15.4377,5.29382
561,-33.2036,-10.817,6.08252
560,-31.4928,-16.363,5.21264
559,-32.1299,-18.4508,6.95485
558,-27.6583,-19.7579,8.09832
557,-25.5898,-16.1591,10.0792
556,-25.3138,-21.4198,9.99372
555,-27.1984,-18.1762,5.77067
554,-30.166,-23.8072,7.59259
553,-27.3258,-23.5796,8.60935
552,-33.5952,-13.4452,9.15884
551,-32.3281,-6.98223,9.55082
550,-23.8008,-23.3919,9.09707
549,-26.224,-19.0684,7.20595
548,-27.8532,-8.92502,7.22007
547,-25.8324,-14.9343,7.4229
546,-28.4267,-10.6824,5.15347
545,-29.9841,-17.1044,9.82399
544,-35.2686,-14.1728,7.8609
543,-29.7568,-13.1958,9.68372
542,-27.6606,-18.7918,5.27486
541,-30.1251,-20.8927,8.87545
540,-28.1847,-11.1337,8.00137
539,-36.9742,-9.65469,8.2467
538,-34.132,-16.3864,8.89805
537,-31.624,-12.2067,6.91708
536,-25.482,-17.9454,8.84423
535,-28.4782,-16.5038,5.36392
534,-25.8413,-14.4125,7.20966
533,-32.7553,-11.4361,5.79052
532,-35.622,-14.6169,8.99451
531,-28.4255,-15.9785,6.41945
530,-30.9085,-19.0036,6.78372
529,-29.6216,-13.5566,7.1307
528,-31.0125,-21.0867,6.29563
527,-30.8921,-15.5668,6.18405
526,-28.3982,-20.5072,8.87107
525,-28.7239,-22.9432,8.9031
524,-29.1742,-14.1239,7.72844
523,-25.061,-17.8593,6.96464
522,-24.073,-10.2825,8.35987
521,-26.9765,-14.6742,7.22438
520,-27.1207,-13.8635,5.12898
519,-28.2786,-17.1468,6.08162
518,-26.2145,-9.34598,9.86689
517,-25.1014,-11.7778,7.31587
516,-28.6361,-18.5676,8.48236
515,-25.3126,-13.9821,5.4274
514,-30.6916,-14.1436,7.24877
513,-28.4247,-11.0943,8.17883
512,-24.1681,-11.8453,7.40114
511,-21.9684,-17.587,9.30675
510,-25.6312,-6.22524,8.40549
509,-23.3677,-16.9691,7.17542
508,-24.4943,-9.66078,8.87485
507,-28.5909,-10.8855,5.55001
506,-22.0298,-19.2156,9.07033
505,-27.859,-13.0988,5.62065
504,-28.4108,-20.2407,6.09117
503,-22.2058,-21.0291,8.19624
502,-22.4076,-17.2109,7.60384
501,-26.818,-20.8612,5.31383
500,-29.6938,-14.1912,6.93869
499,-26.6258,-24.6055,8.71194
498,-25.7333,-13.112,5.67156
497,-25.9559,-22.7946,8.79505
496,-26.9813,-10.0696,9.90745
495,-25.9605,-16.9033,9.98979
494,-25.8541,-17.0931,6.64249
493,-27.868,-11.0715,7.25426
492,-28.4417,-11.5285,5.84953
491,-29.7816,-10.3315,5.69
490,-26.7595,-13.4226,5.8147
489,-22.8339,-17.5061,8.20975
488,-26.8538,-11.1807,9.84323
487,-26.6385,-4.11737,8.82485
486,-30.1392,-11.3676,5.91264
485,-21.4682,-17.1607,6.51666
484,-26.0862,-9.09006,5.25921
483,-23.2939,-13.6963,6.64945
482,-23.931,-10.4246,5.37913
481,-27.2059,-10.8094,7.48169
480,-22.9128,-11.2583,6.73794
479,-28.3536,-10.7626,9.57468
478,-24.2929,-12.798,9.58032
477,-21.72,-14.5705,9.84463
476,-22.6816,-15.0801,5.86251
475,-23.4188,-15.8434,5.42898
474,-25.7931,-22.4092,9.97473
473,-23.6386,-18.7007,5.37047
472,-24.2323,-20.7296,5.88288
471,-21.8496,-17.3061,9.52462
470,-22.7693,-19.7276,6.51357
469,-26.4046,-13.4939,5.61975
468,-21.8292,-17.6998,5.88621
467,-26.2844,-21.8389,9.11774
466,-24.3529,-15.6336,7.23328
465,-23.8982,-16.3967,5.88362
464,-22.106,-8.95274,8.22855
463,-27.9462,-15.7847,9.07054
462,-23.4876,-13.7795,8.40528
461,-24.1198,-13.9415,8.5494
460,-27.5957,-7.83498,7.04658
459,-21.6822,-12.0307,5.92507
458,-19.8071,-15.5334,5.23774
457,-21.8304,-11.6072,8.78413
456,-21.5599,-16.984,8.79412
455,-18.5739,-17.7239,9.21754
454,-22.3546,-16.4035,9.56552
453,-25.7627,-20.9831,9.96532
452,-25.3369,-16.6855,5.66685
451,-24.009,-11.7495,7.37118
450,-20.9378,-17.2032,8.95448
449,-26.0211,-16.1093,5.13017
448,-22.9393,-13.1014,7.42464
447,-31.049,-8.76977,6.9367
446,-21.7283,-17.9638,6.15359
445,-25.4185,-10.2367,7.46543
444,-26.1289,-9.01627,6.04494
443,-23.1489,-11.0223,5.84216
442,-22.9882,-14.6887,6.34928
441,-24.0955,-19.2621,7.27088
440,-29.5166,-13.4258,9.86502
439,-21.8873,-16.8072,7.81182
438,-29.3207,-11.0382,8.70863
437,-22.9108,-14.5668,6.46124
436,-26.6135,-17.7331,7.81823
435,-25.973,-14.5438,8.27778
434,-24.3283,-8.69786,6.18132
433,-21.6852,-7.16905,9.84475
432,-13.4982,-18.5756,9.93191
431,-18.7074,-14.6665,5.24145
430,-23.0231,-11.5177,6.84441
429,-23.1947,-11.2063,7.35319
428,-27.8359,-7.48689,9.53041
427,-19.7535,-7.52788,7.82763
426,-22.7703,-13.3587,6.18566
425,-23.227,-14.6681,7.26914
424,-25.0658,-8.76044,5.81166
423,-14.2457,-16.1596,8.45716
422,-22.3154,-14.3291,6.65153
421,-14.9916,-20.3563,9.98161
420,-19.3731,-6.02305,7.48483
419,-21.6667,-14.8695,5.82573
418,-22.3662,-2.18116,9.4013
417,-17.3244,-9.55197,8.83735
416,-28.4225,-10.0544,9.62319
415,-19.3113,-8.48828,6.24941
414,-22.8107,-14.1786,6.75326
413,-20.936,-13.8283,8.32664
412,-21.6351,-10.7567,6.80766
411,-19.945,-13.3143,5.28196
410,-21.4327,-15.1875,5.80452
409,-21.0641,-7.15738,5.1589
408,-20.1495,-19.9603,7.45323
407,-24.5069,-5.60484,6.77944
406,-20.5574,-3.58764,7.49
405,-21.1027,-2.18346,9.37295
404,-30.3331,-5.83006,8.68354
403,-26.9674,-12.6846,9.4618
402,-18.046,-13.2898,8.37796
401,-22.1768,-14.1196,7.38017
400,-21.088,-15.941,8.14825
399,-22.3643,-16.3322,6.61807
398,-19.2552,-13.1437,8.00251
397,-19.2002,-12.6241,5.10644
396,-21.4911,-15.6598,8.49058
395,-21.2526,-18.7929,9.3138
394,-15.1728,-17.2822,9.51732
393,-21.8594,-16.267,9.10738
392,-20.0278,-12.9776,8.78253
391,-17.704,-14.6966,9.83481
390,-24.2509,-13.3938,8.10691
389,-20.5216,-16.0557,6.37638
388,-30.1475,-6.48341,8.61171
387,-22.921,-7.44553,6.71474
386,-29.0828,-4.26042,9.20265
385,-11.4421,-12.8381,9.68505
384,-19.4484,-13.6281,9.76227
383,-18.4013,-13.5773,5.91672
382,-23.1958,-8.47186,8.46658
381,-21.5228,-10.0993,5.81599
380,-13.2267,-15.5694,7.74982
379,-19.5532,-10.5446,5.37812
378,-19.9665,-12.1468,6.2425
377,-22.7365,-11.0706,9.4501
376,-17.6835,-7.94117,8.49947
375,-17.5656,-8.34103,6.4066
374,-21.6221,-9.3808,5.34204
373,-16.0975,-5.94804,8.35401
372,-17.31,-16.8078,6.23883
371,-17.1817,-11.2522,5.37853
370,-18.6929,-16.776,7.05672
369,-18.7938,-11.6571,7.49812
368,-12.7101,-13.1286,10.0743
367,-19.8722,-17.3553,9.55303
366,-21.9565,-7.18909,6.24752
365,-16.9057,-10.1196,9.85868
364,-24.8945,-6.96622,6.44111
363,-18.8869,-3.62552,9.77215
362,-16.7824,-8.30308,6.30278
361,-12.3942,-18.7266,9.76867
360,-19.3068,-9.90661,6.24413
359,-17.2834,-10.5834,6.04537
358,-22.7149,-5.8178,8.67372
357,-26.9764,-4.20504,9.23313
356,-22.5147,-15.3384,9.62385
355,-18.4675,-1.95257,8.13672
354,-18.355,-10.8466,9.2272
353,-24.646,-6.04591,8.26563
352,-19.2074,-18.5318,7.61263
351,-18.3287,-12.4404,6.10115
350,-18.7611,-2.22944,6.94857
349,-20.3646,-9.91266,5.33519
348,-22.5987,-9.1535,7.40698
347,-20.1935,-10.8036,6.5274
346,-20.31,-18.3719,7.85907
345,-17.062,-6.6535,7.2565
344,-19.8472,-13.2165,7.33453
343,-20.7751,-10.1525,5.36448
342,-18.6477,-15.2902,5.79333
341,-17.6816,-3.2631,8.27741
340,-12.8327,-10.542,6.2975
339,-16.5285,-13.8027,7.58924
338,-19.3784,-15.0769,10.0923
337,-12.8037,-11.6587,5.3386
336,-21.1929,-5.61278,7.56069
165,-6.56712,-1.39536,5.10719
164,-9.77127,0.0402449,9.75426
163,-7.48383,-12.0111,6.5147
162,-8.13316,-10.7156,5.27065
161,-7.72868,-6.617,5.58268
160,-6.2225,-5.17386,7.31914
159,-9.13018,1.4771,8.39906
158,-11.5606,-4.85335,5.69789
157,-9.65875,-0.988294,7.50028
156,-7.27311,-1.97301,7.75644
155,-9.86349,-5.71666,9.4447
154,-7.8841,-1.479,8.93218
153,-9.73028,-7.4332,6.92993
152,-6.28902,-2.40735,5.58014
151,-5.54933,-3.1113,6.8361
150,-11.9148,-1.74683,6.01092
149,-7.29107,-2.03991,9.46717
148,-5.624,-2.66262,6.31874
147,-9.8915,-3.39533,8.65014
146,-6.63271,-8.47829,9.99969
145,-8.71941,-4.96131,9.13445
144,-3.12533,-4.37632,9.40185
143,-9.52057,1.16633,6.75538
142,-10.6611,-3.81088,8.95914
141,-0.179628,-6.01817,8.41874
140,-9.02306,-3.49375,6.49521
139,-2.41807,-1.29125,6.26504
138,-3.11918,-2.86152,6.94786
137,-4.41686,-4.05634,5.22879
136,-2.83936,-7.05325,7.74837
135,-11.2819,0.244716,5.98019
134,-6.91065,-5.21169,5.49856
133,-2.41083,-7.52561,8.6072
132,-6.46147,-2.87636,7.64864
131,-5.15794,-5.73797,5.6921
130,-2.13511,-9.94336,8.91397
129,-7.7953,4.22988,9.52066
128,-4.17457,1.83649,5.34364
127,-7.75851,3.76795,9.10192
126,-1.8987,-1.13413,7.83985
125,-9.86434,1.62013,5.95594
124,-7.35573,5.72884,8.57963
123,-4.93682,-2.3661,8.59354
122,-5.90191,-9.79123,7.31399
121,-5.92653,-12.4698,9.25477
120,-6.70502,0.416871,5.35777
119,-8.17994,-2.67262,5.74208
118,-6.68875,1.95664,7.55419
117,-3.52878,-5.40049,5.92202
116,-8.16606,-3.44022,7.34048
115,-2.82777,-1.16744,7.47177
114,-0.390965,-7.59313,7.70838
113,-5.55303,-11.4463,9.13082
112,-9.19723,-1.6881,4.94124
111,-4.65849,2.54251,8.29753
110,-8.6369,-5.10047,8.29708
109,-3.05292,-8.62227,9.35422
108,-5.41816,-2.53566,7.21472
107,-4.94015,-4.12812,7.49716
106,-8.45561,-3.33016,6.23442
105,-3.76936,-0.927116,9.15048
104,-5.79618,1.21194,8.95133
103,-6.84219,-4.48973,9.43793
102,-3.77872,-0.374348,5.05507
101,-4.51148,1.24655,9.55978
100,-6.74976,-2.68515,6.97475
99,-3.34093,-3.01133,8.97625
98,-1.44922,5.53544,6.86899
97,-4.24534,-1.41285,6.97058
96,-8.20282,3.89391,6.77679
95,4.37698,-2.86333,8.97788
94,4.5528,-2.89049,9.52685
93,-0.561852,-0.235069,5.99033
92,-1.08812,-4.16223,8.6595
91,-0.139301,0.679096,7.46559
90,-0.287531,-3.69932,6.21323
89,-4.7007,2.53032,7.74768
88,4.89768,-3.67025,8.76201
87,-4.32723,2.49452,4.89957
86,-6.52227,1.3453,8.22189
85,-0.123131,-2.68104,5.32437
84,-3.63852,-5.31026,6.17395
83,-3.105,2.44166,5.03604
82,-2.39383,-5.73868,5.9526
81,-3.19876,3.20047,7.17771
80,-0.0293575,-3.13555,6.49635
79,-7.80699,0.996473,8.85322
78,-3.2702,4.2727,8.06248
35,-0.185156,1.70784,8.16974
34,-4.70544,1.02442,8.66819
33,-4.72938,3.68965,8.33172
32,-4.37539,-3.18557,6.85993
31,-1.96957,-6.28499,7.14285
30,-3.59455,8.04858,7.95469
29,-2.76209,-8.24231,6.57748
28,0.779308,-6.99087,9.8236
27,-1.68656,-8.67081,8.05307
26,-1.11242,-0.165118,9.40832
25,0.325597,1.08105,6.80087
24,-4.98353,2.29408,4.94339
23,4.80937,-6.13572,7.85828
22,-5.62937,6.51927,8.08152
21,3.59736,-2.91297,8.50532
20,-2.33557,0.797948,6.53449
19,-3.3109,-0.490699,8.07972
18,2.36049,-0.771201,8.01307
17,2.19641,-0.912798,8.36805
16,-2.83052,-2.68102,5.22443
5,-2.56967,-4.184,9.86895
4,-1.00017,0.91678,6.66379
3,-0.513092,0.121732,7.41071
2,-6.54476,-1.02185,6.2626
0,1.19074,-0.885328,9.36998
1,0.596959,-4.72355,7.09297
6,-2.19852,4.71276,7.21175
7,-0.121848,-5.17907,8.56208
8,-0.473322,-3.54227,7.8004
9,-3.73958,-6.22371,7.47848
10,-2.78668,2.42825,5.97504
11,-5.49174,1.37208,5.60581
12,-5.96645,1.99893,9.34433
13,-2.00447,-0.119707,9.49542
14,-1.57077,7.11557,8.05823
15,-6.43633,2.38112,8.56256
36,1.62922,-5.32889,7.45844
37,-2.02903,-11.9386,9.14542
38,-1.94609,0.00215224,6.2285
39,-0.198841,3.08766,7.87872
40,-1.4698,-2.68923,6.21798
41,-2.36949,0.203988,7.339
42,-1.3807,-0.353192,6.44281
43,-1.33637,1.48783,9.34708
44,-8.42212,1.51686,6.55509
45,-6.68573,-4.82628,9.84858
46,-4.88676,-0.744666,5.6367
47,-1.64961,5.2269,6.14342
48,-2.56088,-1.81568,5.51273
49,-3.98041,0.4311,9.12722
50,-3.38855,-9.511,7.75159
51,-2.82241,5.10388,9.14409
52,-4.63811,-1.73668,5.12951
53,0.0683321,-8.30319,7.3583
54,-5.51894,2.0968,4.9194
55,-2.41209,4.09254,9.57803
56,-2.04563,-4.88568,7.56121
57,-5.10857,-1.02066,5.78782
58,0.541735,1.15837,9.72915
59,-0.972318,-2.29311,8.98615
60,-6.30208,-3.56849,8.47256
61,-0.401782,-10.555,8.70555
62,3.44357,-5.79688,10.0924
63,-3.85469,-2.82655,6.12496
64,-3.83052,1.97575,7.1415
65,1.34999,-5.36745,5.63219
66,-6.8515,5.59133,9.11578
67,2.37419,-7.45424,8.00177
68,1.85636,-4.58674,7.59032
69,-0.411316,-3.09109,8.67656
70,-3.21022,-1.17671,9.5166
71,-8.53798,2.63136,9.1609
72,1.15841,-5.30477,6.82366
73,-5.66554,-3.50434,6.54835
74,-0.0205265,1.34843,8.38852
75,-3.03059,-0.890362,8.92412
76,-1.61772,2.88154,6.47613
77,1.18254,-8.49419,8.84843
166,-4.22935,-8.04483,6.58509
167,-9.30511,-13.2926,8.34129
168,-6.15046,-1.55109,5.83611
169,-6.22255,-12.1662,9.70105
170,-7.89984,-4.73339,6.96726
171,-3.76902,-2.78319,9.543
172,-5.90252,-6.10412,7.85368
173,-13.2316,-3.22475,9.15984
174,-8.60941,-6.88966,7.37167
175,-10.8308,1.2877,6.62522
176,-10.3874,-6.01858,7.1369
177,-9.73411,-15.6088,10.1058
178,-9.53969,-8.07947,6.52751
179,-6.37103,-4.22782,6.99913
180,-10.8551,-0.840315,9.73339
181,-1.63661,-7.30176,8.57328
182,-7.06442,-3.15025,8.25651
183,-8.03806,4.33452,7.51956
184,-4.72156,-13.6666,9.35842
185,-5.93746,-2.8726,7.72712
186,-2.629,-7.61213,6.86294
187,-8.36635,-3.35055,8.09779
188,-8.33108,-3.55111,5.59827
189,-8.25682,-6.66572,5.28666
190,-13.4502,-1.89956,6.42178
191,-9.58503,-0.719589,9.42994
192,-9.85491,-6.68159,6.25974
193,-12.6689,-8.37319,6.72266
194,-11.1805,-8.74479,9.64055
195,-8.75658,-11.3649,7.77962
196,-13.1497,-7.21031,7.18391
197,-11.2799,-1.64112,7.54931
198,-16.2885,-6.26873,7.90978
199,-14.6629,-11.5009,9.91942
200,-11.1841,-8.40877,6.07871
201,-9.44332,-12.4272,7.21478
202,-7.2932,-6.231,7.27871
203,-7.17143,-11.2358,7.3817
204,-11.3784,-8.03261,8.35098
205,-7.75897,-6.69324,7.12908
206,-10.1076,2.45588,7.11453
207,-6.87949,-10.5329,6.5475
208,-7.9844,-5.44123,5.65103
209,-16.4674,-5.18804,8.72359
210,-16.7678,-2.15167,6.1294
211,-10.8501,-12.3362,7.33298
212,-11.5294,-3.39344,9.64876
213,-11.5357,-15.5311,8.19995
214,-6.66714,-9.36235,6.2517
215,-11.7091,-12.0084,9.63611
216,-19.2455,-0.948239,7.84453
217,-15.8666,-6.70106,9.86691
218,-9.92842,-12.4023,7.55384
219,-10.9982,-5.96389,9.86787
220,-17.8973,-3.10814,7.24095
221,-12.2906,-6.68021,5.31103
222,-10.6044,-0.314881,6.91919
223,-14.8832,-6.8503,6.83891
224,-8.51606,-7.94958,9.69628
225,-10.9982,-8.5824,6.66588
226,-7.02999,-8.77447,6.57987
227,-9.18602,-8.29586,7.11628
228,-14.0484,-8.56984,8.34805
229,-11.0708,3.25102,8.24761
230,-12.8128,-16.7508,9.90374
231,-2.76672,-12.8786,10.3135
232,-8.98159,-2.71278,8.86004
233,-8.78301,-7.98872,6.65691
234,-11.6949,-7.13719,5.08237
235,-17.8765,-1.36183,7.35527
236,-12.7079,-4.40997,5.23584
237,-2.76418,-11.0829,9.80186
238,-10.3823,-3.71436,7.13138
239,-15.1972,-5.77906,7.04536
240,-13.6778,-6.37538,6.73216
241,-10.6859,1.51559,8.21946
242,-9.59545,-0.364686,7.84241
243,-10.212,-5.42011,6.30567
244,-12.6942,-7.93158,6.03702
245,-14.432,-8.5172,9.26999
246,-13.553,-6.17435,7.9073
247,-11.1383,-10.3451,8.05104
248,-14.5868,-1.63959,9.79019
249,-14.3039,-10.0572,9.08871
250,-12.1109,-12.0033,7.24243
251,-10.0114,-11.1535,5.36177
252,-18.2228,-8.85482,9.85145
253,-12.2358,-8.05803,6.90733
254,-11.8239,-9.69826,9.00096
255,-11.1449,-14.8619,9.7206
256,-14.7874,-2.49829,6.07157
257,-11.0918,-7.10232,8.82773
258,-12.5509,-9.85144,6.08186
259,-15.0832,-4.41743,7.1358
260,-12.2194,-13.3184,5.58127
261,-7.37481,-8.7583,9.12623
262,-18.641,-6.7521,6.94133
263,-11.8308,-12.1179,6.59342
264,-7.63906,-12.8316,8.34273
265,-13.5059,2.62746,8.21802
266,-17.3735,-6.86925,4.97569
267,-8.28068,-13.2901,8.80727
268,-12.7664,-8.68838,7.36262
269,-12.0199,-8.2769,6.95963
270,-13.0031,-9.27021,5.51478
271,-18.0378,-6.50233,6.5262
272,-13.9229,-9.81277,8.71059
273,-14.7244,-10.5568,5.91356
274,-18.1691,-3.6247,6.59919
275,-15.8848,-1.40694,8.4419
276,-17.5965,-3.83932,8.51239
277,-9.8187,-8.30669,7.92109
278,-19.1765,-4.48452,5.24961
279,-12.1951,-7.25522,5.23106
280,-11.3124,-5.88481,8.40884
281,-12.5154,-8.02877,9.56143
282,-13.7243,-9.08098,8.58476
283,-10.3129,-3.31938,9.40211
284,-14.0708,-4.4265,5.14052
285,-7.89605,-11.3761,7.80392
286,-14.7883,-3.63723,6.13492
287,-11.9208,-8.32073,5.62829
288,-13.1541,-7.32305,6.31672
289,-14.6256,-3.08751,8.73645
290,-12.9149,-5.31325,7.95313
291,-13.9568,-13.9402,9.14057
292,-17.512,-5.3656,9.79912
293,-19.799,-3.02246,7.41157
294,-16.5267,-7.38546,8.39294
295,-10.5073,-9.48827,9.57822
296,-14.4669,-14.7037,5.42929
297,-17.0291,-7.75872,5.86084
298,-20.4171,-2.79583,9.48434
299,-16.0524,-14.1449,9.60064
300,-15.4591,-11.262,6.43213
301,-18.3416,-11.6342,8.75898
302,-11.1904,-15.2171,8.91453
303,-16.4884,-4.19238,7.42485
304,-20.5772,-3.81412,8.48551
305,-17.5503,-11.4007,10.0101
306,-12.3478,-8.35751,7.91802
307,-18.4031,-11.1533,5.56023
308,-14.2883,-9.60184,6.3208
309,-11.6365,-13.7084,6.43674
310,-16.6349,-11.8431,8.73315
311,-14.2786,-9.24668,6.35074
312,-10.1058,-12.2976,6.07418
313,-13.8038,-8.15359,6.81995
314,-16.1521,-4.1586,9.83369
315,-16.9218,-9.67488,7.00266
316,-13.2167,-11.6437,6.76244
317,-8.05054,-14.9843,8.86023
318,-19.0149,-9.77755,8.32331
319,-13.949,-11.8013,7.63311
320,-16.5142,-3.25099,7.37568
321,-17.1506,-17.5559,10.0299
322,-18.9975,-10.627,6.41635
323,-14.5279,-17.1677,10.106
324,-17.8031,-9.13559,8.96156
325,-20.4156,-10.865,9.13423
326,-14.8998,-11.5264,5.17504
327,-17.0192,-3.59869,7.86813
328,-16.0765,-12.3331,8.2653
329,-17.1711,-8.89725,7.09627
330,-25.8106,-3.63166,8.96304
331,-16.8047,-11.7486,5.67911
332,-19.8709,-2.97173,7.77607
333,-10.2491,-12.5167,7.08457
334,-12.7335,-15.0542,8.12137
335,-20.5975,-7.27967,6.13122
708,-35.3353,-10.1731,8.32852
709,-34.1881,-17.404,7.8793
710,-35.7047,-22.7406,9.27255
711,-35.2074,-25.3871,5.95013
712,-35.8975,-18.3393,5.02928
713,-33.2251,-24.7741,6.80406
714,-38.7817,-20.4304,7.18439
715,-35.2932,-20.6459,6.71347
716,-40.9347,-14.1765,6.67763
717,-35.6446,-17.4235,9.90012
718,-37.9172,-12.7279,9.7646
719,-39.1807,-18.0406,5.84484
720,-39.0861,-20.4336,5.92742
721,-37.4574,-20.6719,8.41773
722,-42.5925,-24.7711,9.82768
723,-40.4456,-17.2866,5.56249
724,-36.4479,-20.1031,8.24488
725,-35.8991,-25.6871,7.52309
726,-42.7185,-21.7397,9.73645
727,-40.7431,-19.6991,5.11532
728,-42.3909,-20.9723,5.91148
729,-38.0022,-25.3857,9.37224
730,-41.8835,-18.9601,9.08083
731,-39.5157,-15.1421,5.91375
732,-38.4344,-22.9427,9.05764
733,-37.5111,-24.0464,8.06607
734,-37.4682,-23.4409,7.94364
735,-36.7501,-19.6396,6.1787
736,-40.6103,-20.4949,7.92431
737,-40.8061,-24.2528,7.8887
738,-39.3481,-26.1287,5.71752
739,-40.3833,-18.3155,7.2055
740,-38.6812,-19.4514,9.60084
741,-42.3389,-17.9294,6.80673
742,-38.1828,-13.2042,9.53907
743,-38.9325,-27.1576,5.55879
744,-38.9873,-13.6049,9.51362
745,-36.3394,-16.8989,9.00219
746,-37.6325,-17.7544,8.20852
747,-40.5271,-20.3816,9.80279
748,-39.4976,-17.3804,8.96585
749,-40.5907,-19.6743,8.18323
750,-37.0191,-21.2369,9.38526
751,-36.3932,-20.0162,6.49728
752,-44.5035,-14.0179,9.54828
753,-40.93,-26.7678,10.0384
754,-37.1751,-21.9271,5.38665
755,-38.4112,-24.151,9.11645
756,-41.4044,-25.8276,9.69724
757,-39.9349,-21.9889,6.18401
758,-33.1294,-23.2088,8.93735
759,-35.009,-20.6678,8.70414
760,-40.7836,-21.0386,5.94257
761,-34.3263,-26.3139,10.1959
762,-43.5682,-16.3363,6.84084
763,-35.4445,-27.864,8.71344
764,-44.9327,-20.4337,6.61469
765,-40.9447,-14.9378,6.88362
766,-44.4234,-19.6702,5.87199
767,-41.6095,-18.9888,6.14141
768,-40.8061,-23.656,5.82771
769,-36.6721,-24.7755,10.0294
770,-38.0265,-27.0519,6.72976
771,-46.6958,-15.3082,8.37763
772,-42.9673,-30.5464,7.9469
773,-46.2604,-23.5489,8.20542
774,-40.3362,-27.1574,7.82998
775,-47.6688,-19.1674,7.86115
776,-42.6588,-25.4411,7.5997
777,-43.3259,-29.5994,6.37754
778,-41.8162,-13.4285,9.75558
779,-42.0781,-17.6742,6.33912
780,-39.4908,-18.0336,8.54719
781,-40.9549,-25.6758,6.79123
782,-43.4009,-16.5444,8.23538
783,-43.0401,-31.2627,8.9396
784,-42.3246,-22.8905,8.80644
785,-44.5329,-24.6638,7.12511
786,-35.3767,-29.4952,9.22794
787,-36.5701,-28.1928,9.58654
788,-43.8815,-21.0811,9.73503
789,-41.0422,-25.2755,7.59003
790,-47.7816,-16.4,7.06808
791,-40.1202,-18.9186,5.56724
792,-45.407,-23.6732,6.33999
793,-43.1229,-17.5463,9.30846
794,-40.9759,-22.3633,6.46195
795,-43.2524,-19.8296,7.77371
796,-43.2969,-23.1422,5.74979
797,-40.7012,-19.4867,7.97197
798,-47.2903,-18.2993,9.30026
799,-39.5101,-18.9425,9.8976
800,-47.6548,-22.1217,8.51356
801,-39.9298,-20.9742,5.89817
802,-43.326,-19.9147,5.60849
803,-47.8479,-22.146,8.87919
804,-43.4499,-17.5063,6.1711
805,-50.0098,-16.19,8.14173
806,-43.5168,-28.5775,6.57228
807,-39.1411,-19.3303,7.2424
808,-42.1212,-26.9628,7.50007
809,-38.8035,-24.7532,6.38068
810,-43.4968,-18.1659,9.56958
811,-42.2073,-15.2169,8.52028
812,-35.407,-26.1839,9.74
813,-38.4411,-26.7393,6.9536
814,-37.0695,-28.2124,8.61492
815,-45.0254,-26.0358,8.81697
816,-42.6333,-23.4675,5.84612
817,-41.1025,-26.5342,7.94245
818,-49.276,-21.7244,7.26917
819,-44.6673,-16.2299,9.43524
820,-44.3604,-26.828,5.85973
821,-45.9847,-17.2145,5.74007
822,-43.078,-25.5181,7.478
823,-40.4626,-24.5902,5.81446
824,-45.4155,-24.0902,5.15925
825,-46.2696,-18.3743,5.24243
826,-50.5303,-18.228,7.00665
827,-41.7428,-21.9612,7.15826
828,-50.831,-17.8421,9.41668
829,-45.5411,-25.2276,9.51656
830,-43.2657,-20.4966,5.57916
831,-38.4325,-27.4868,7.04009
832,-48.1424,-18.387,5.68092
833,-44.9963,-20.2298,7.13462
834,-42.7241,-25.312,6.63372
835,-43.3913,-20.1321,7.62179
836,-45.7357,-19.4764,5.56516
837,-45.9226,-30.5834,8.54624
838,-45.9529,-30.7754,7.85461
839,-43.9686,-29.7176,6.63148
840,-40.8708,-21.0129,9.06272
841,-47.3169,-21.8188,5.89385
842,-43.202,-21.8744,5.77745
843,-44.341,-24.8271,8.30499
844,-43.4563,-21.5463,6.60498
845,-39.5138,-24.5113,8.09343
846,-43.8838,-24.7124,7.51174
847,-45.1265,-18.1664,7.88631
848,-45.7905,-24.4192,6.99275
849,-43.8542,-21.8082,8.62777
850,-44.8188,-20.9567,6.797
851,-48.2229,-24.593,7.85232
852,-38.7663,-26.7366,6.95557
853,-42.248,-15.7932,8.84946
854,-49.139,-22.5813,6.19414
855,-42.4837,-28.8831,6.71424
856,-47.7407,-22.286,7.73082
857,-44.7412,-19.262,7.26162
858,-42.6812,-17.1987,6.88235
859,-45.4776,-22.4062,6.05682
860,-42.4299,-30.5544,8.22536
861,-48.569,-22.1504,9.43088
862,-46.7632,-19.3011,7.18544
863,-47.1171,-21.5181,6.1505
864,-50.0909,-21.1859,6.30302
865,-44.809,-25.8235,5.64546
866,-47.6414,-27.8316,6.23111
867,-42.9898,-25.7606,8.20206
868,-42.2608,-31.2151,9.61866
869,-44.9793,-23.6641,5.62458
870,-48.8615,-23.9429,5.69786
871,-49.5676,-20.4156,7.04316
872,-42.6629,-27.2965,5.3125
873,-54.2631,-22.752,9.1803
874,-50.2713,-26.2426,9.13542
875,-46.8406,-19.4473,4.95594
876,-48.7341,-24.3613,8.21429
877,-48.4623,-25.7829,9.9497
878,-47.8135,-23.5991,8.11608
879,-46.3227,-17.1463,7.65441
880,-42.6437,-25.2045,8.37091
881,-54.2132,-19.7395,7.5268
882,-53.3181,-21.1168,6.66763
883,-43.0488,-32.8438,9.79562
884,-45.1153,-23.0572,5.17672
885,-42.4792,-25.5825,7.52183
886,-47.3874,-21.2752,6.82484
887,-49.0378,-23.0996,6.98173
888,-50.4109,-25.0011,8.32387
889,-43.658,-27.7795,7.30367
890,-47.3047,-20.9846,5.17074
891,-44.1426,-23.0882,6.81322
892,-43.6389,-25.4977,5.71948
893,-46.2914,-25.4558,7.53479
894,-47.7397,-24.7612,5.68438
895,-53.9649,-21.7852,8.90851
896,-54.324,-17.1383,8.82029
897,-46.29,-31.6025,8.66039
898,-46.3613,-17.2583,5.88399
899,-53.5764,-20.9061,8.0817
900,-48.2307,-21.7501,9.82199
901,-48.5668,-20.1273,6.30607
902,-43.8647,-23.8575,8.45395
903,-42.3601,-29.7643,7.85056
904,-52.193,-21.4598,6.38767
905,-45.6138,-21.6595,7.49279
906,-42.962,-22.854,8.25188
907,-47.3951,-25.4163,5.82247
908,-49.5896,-30.3351,6.60266
909,-51.2331,-28.2165,5.93567
910,-46.2514,-30.732,6.51576
911,-48.8413,-30.0694,5.92994
912,-50.3478,-34.9074,8.12071
913,-45.9722,-26.7398,5.68868
914,-52.8651,-27.2899,8.83026
915,-54.8095,-21.8162,9.75359
916,-46.2948,-29.7314,8.42015
917,-44.7388,-25.0807,9.42109
918,-51.6847,-27.7967,6.85877
919,-50.1048,-31.7637,5.66622
920,-51.1644,-19.3569,6.36301
921,-43.7977,-28.8842,6.58279
922,-48.8682,-29.8899,6.41888
923,-46.8267,-25.3329,5.75071
924,-54.2017,-24.1265,6.35247
925,-51.4224,-28.9966,6.55202
926,-46.5457,-25.0479,10.024
927,-49.9936,-24.3352,9.3282
928,-52.6329,-26.1662,9.39193
929,-49.4419,-28.5952,7.53723
930,-54.5843,-23.4711,6.42871
931,-51.0276,-28.4728,9.98087
932,-50.7519,-19.591,7.53684
933,-49.6183,-17.2608,6.80661
934,-47.7364,-24.839,8.6555
935,-51.8296,-32.4587,9.97385
936,-43.5749,-29.5106,8.54068
937,-49.1679,-21.7537,8.77783
938,-48.3015,-20.9167,7.36313
939,-46.7155,-18.9334,9.51084
940,-48.3756,-27.6854,6.93695
941,-44.3587,-30.3719,9.12506
942,-53.3907,-27.1811,7.74283
943,-47.4567,-30.5895,8.92058
944,-49.3825,-25.1346,5.23055
945,-47.7973,-22.2995,6.50637
946,-49.3942,-24.5918,8.81409
947,-55.8231,-23.3641,9.0764
948,-47.118,-26.7969,5.96344
949,-50.1286,-25.2958,7.50289
950,-44.5358,-28.4184,5.38349
951,-48.8436,-21.7057,5.35424
952,-46.3087,-29.6307,5.26881
953,-50.1236,-28.4622,7.58412
954,-50.5337,-21.5233,5.93285
955,-49.3181,-22.9229,5.93287
956,-54.4452,-24.1909,7.83969
957,-47.9402,-20.6421,7.86919
958,-53.9551,-24.0833,5.42976
959,-52.9528,-23.915,5.87109
960,-54.4001,-30.0573,7.03467
961,-51.4149,-23.4228,5.57032
962,-51.9873,-21.2078,6.61638
963,-50.1432,-28.7881,5.54753
964,-43.6387,-33.1567,9.39726
965,-48.7441,-31.5917,9.81979
966,-49.7266,-24.4008,7.29129
967,-50.8499,-30.5944,8.6257
968,-53.5786,-26.1615,8.21249
969,-53.8665,-31.0358,6.3956
970,-53.4084,-28.3739,7.92099
971,-44.9597,-32.9258,8.23661
972,-51.8973,-17.19,9.51167
973,-52.9796,-22.6667,5.61266
974,-54.9214,-22.7914,6.0917
975,-53.4484,-31.3159,9.32659
976,-52.2569,-23.7724,5.79301
977,-51.8078,-27.5687,7.89084
978,-49.8083,-24.1643,6.54357
979,-48.0886,-30.9109,7.04754
980,-50.1287,-25.2885,5.91526
981,-54.0323,-20.6123,9.70114
982,-51.3519,-26.2165,8.1381
983,-49.48,-28.7151,9.50003
984,-48.5938,-23.9175,8.90726
985,-54.7952,-24.7321,6.87568
986,-53.3664,-33.3312,5.55024
987,-51.8074,-25.2576,9.67365
988,-53.8819,-30.8064,5.55373
989,-51.7164,-21.7475,6.53246
990,-55.0156,-32.8912,7.9011
991,-51.3823,-28.3479,9.17375
992,-52.0305,-25.3023,5.54123
993,-54.1979,-32.173,8.8833
994,-57.0276,-25.9949,7.10669
995,-47.183,-28.1907,8.97886
996,-53.0901,-27.6528,7.79584
997,-48.4777,-29.3147,5.21019
998,-54.481,-30.5471,9.06736
999,-47.8481,-29.4762,6.63564
1000,-55.4953,-30.8225,9.90349
1001,-52.3465,-25.4318,7.48211
1002,-54.0818,-28.8682,5.46049
1003,-57.2293,-22.2352,6.76867
1004,-54.5246,-25.8955,8.76326
1005,-53.3778,-31.3583,5.73924
1006,-58.1939,-21.4368,6.52806
1007,-54.2384,-29.4005,9.9153
1008,-55.6547,-21.6105,5.70793
1009,-53.642,-26.5768,5.27787
1010,-54.7246,-21.4507,6.86628
1011,-52.6673,-33.5261,8.62957
1012,-53.2681,-31.0874,9.48689
1013,-56.6393,-29.9905,7.32499
1014,-53.2404,-21.5464,5.15198
1015,-54.4487,-24.9758,6.21053
1016,-54.6798,-32.9808,8.0654
1017,-49.3286,-31.4099,9.6795
1018,-49.3033,-34.0427,8.224
1019,-55.1734,-32.1335,7.06356
1020,-45.3095,-33.1817,10.1723
1021,-57.3248,-27.2141,6.35924
1022,-59.8862,-24.3783,4.97891
1023,-56.5444,-30.8896,7.42657
1024,-51.0974,-24.7107,9.68477
1025,-49.7079,-31.663,9.39481
1026,-51.7254,-33.1669,7.44103
1027,-53.571,-31.5267,6.54873
1028,-55.7814,-28.0122,7.88037
1029,-54.4183,-27.5995,5.20733
1030,-56.5385,-25.7446,5.41799
1031,-56.1665,-29.3726,5.73484
1032,-55.2477,-27.7111,8.17242
1033,-56.1944,-36.8281,7.66498
1034,-54.2505,-31.8873,7.15763
1035,-55.9005,-24.1059,5.13187
1036,-54.364,-24.3386,8.66683
1037,-55.5204,-24.7545,7.52164
1038,-54.3653,-30.4311,6.71031
1039,-56.8709,-23.5501,6.44549
1040,-58.55,-25.244,6.50175
1041,-49.6793,-31.2727,10.0908
1042,-51.4366,-24.8417,9.66077
1043,-55.3025,-26.2814,6.64514
1044,-58.6143,-21.4358,9.57016
1045,-51.7608,-30.0558,5.62444
1046,-60.7466,-22.2235,6.67218
1047,-55.5978,-35.6471,8.04976
1048,-57.576,-29.4596,8.94798
1049,-63.3535,-21.1922,8.87659
1050,-52.0983,-24.7597,6.15632
1051,-51.9984,-32.4115,7.14427
1052,-53.3818,-30.6735,6.69769
1053,-55.7434,-27.7671,8.50418
1054,-61.0209,-27.625,6.85756
1055,-60.7848,-28.1528,6.88621
1056,-52.0526,-27.8103,8.87508
1057,-58.0659,-27.4,5.54645
1058,-55.0014,-32.1835,7.50652
1059,-58.8987,-28.929,6.34722
1060,-62.2456,-28.1097,7.5972
1061,-55.7099,-36.5653,7.62599
1062,-54.5757,-33.8638,8.16838
1063,-57.919,-27.0945,7.54544
1064,-52.1776,-31.0013,8.48661
1065,-55.0867,-27.3164,6.12938
1066,-59.2378,-27.6431,7.07355
1067,-58.8807,-33.954,9.5322
1068,-57.2099,-29.3618,5.67924
1069,-58.021,-30.8535,8.69963
1070,-57.035,-34.5435,5.34229
1071,-57.7459,-25.793,5.57643
1072,-60.4961,-28.0211,8.56575
1073,-66.0495,-22.0521,8.31735
1074,-54.4087,-33.2762,5.55
1075,-58.9925,-33.3497,6.0883
1076,-56.4752,-28.1168,7.01868
1077,-56.0581,-30.6183,9.61688
1078,-53.1468,-33.4895,5.64629
1079,-57.5636,-26.9593,6.26634
1080,-57.4517,-33.6908,6.15069
1081,-53.0489,-33.9664,8.30944
1082,-58.3147,-32.3288,8.00902
1083,-58.2491,-32.428,9.28308
1084,-56.7614,-29.4296,9.34312
1085,-64.1821,-25.7188,8.64299
1086,-60.9264,-26.7955,6.14916
1087,-59.7196,-26.0741,5.3333
1088,-57.7791,-28.64,9.56438
1089,-61.3987,-34.265,7.76112
1090,-61.1496,-23.7104,7.47749
1091,-60.1114,-20.6969,7.99385
1092,-56.5096,-27.8436,7.30384
1093,-62.4995,-30.324,8.28995
1094,-63.1564,-25.6486,8.33348
1095,-59.7082,-26.2567,9.81483
1096,-64.004,-22.151,9.23292
1097,-54.4182,-29.2543,9.87611
1098,-59.0196,-32.8758,5.23799
1099,-59.4282,-36.1973,6.38894
1100,-56.448,-31.4012,9.92475
1101,-59.3458,-30.613,5.66442
1102,-62.0553,-38.1484,9.42641
1103,-56.5522,-25.5846,9.23942
1104,-62.7531,-34.4531,8.51794
1105,-61.0657,-31.2233,7.90383
1106,-59.8966,-34.7626,6.82921
1107,-59.2705,-24.8335,5.40109
1108,-57.3681,-34.3778,6.54514
1109,-59.0653,-23.0074,6.82711
1110,-56.452,-32.8498,5.58297
1111,-56.4055,-31.4041,5.62925
1112,-60.5568,-32.2792,6.73266
1113,-67.1536,-25.5448,9.03225
1114,-55.8788,-33.7811,6.01984
1115,-63.8455,-22.7454,7.47781
1116,-58.6623,-28.4117,6.39703
1117,-65.1866,-28.548,8.06899
1118,-53.5108,-33.1284,8.17286
1119,-61.4491,-26.4975,6.6843
1120,-65.9438,-25.5395,6.32325
1121,-56.9027,-32.0417,8.96062
1122,-51.9406,-34.1047,9.28753
1123,-57.936,-21.9999,6.44036
1124,-60.6496,-37.1858,8.45182
1125,-58.3258,-27.362,5.62976
1126,-55.0575,-27.9943,8.7063
1127,-60.2006,-23.7247,8.215
1128,-59.3279,-33.3974,5.84443
1129,-58.7218,-34.4109,7.34578
1130,-57.6947,-34.5179,5.58239
1131,-57.0458,-30.8624,7.4381
1132,-61.5716,-34.0962,9.61457
1133,-62.1311,-34.6521,7.47309
1134,-60.4015,-33.2022,7.71227
1135,-57.885,-35.6747,9.93019
1136,-65.2103,-29.4065,5.84657
1137,-62.9046,-26.6228,7.4561
1138,-63.2178,-32.3215,6.22742
1139,-68.3931,-26.3237,6.55108
1140,-58.6924,-33.2566,8.47661
1141,-60.5124,-22.5753,6.54737
1142,-60.2805,-29.3935,5.47686
1143,-65.5819,-26.3657,9.0519
1144,-62.0487,-34.0349,9.76675
1145,-64.3841,-36.1334,7.35345
1146,-63.725,-30.5726,6.38576
1147,-63.0747,-34.1447,8.78234
1148,-64.9577,-31.544,7.00837
1149,-63.321,-35.7662,7.62867
1150,-59.8023,-24.8505,7.65991
1151,-63.4494,-24.9448,9.63749
1152,-61.3193,-36.1747,8.88594
1153,-58.9731,-32.0679,7.53156
1154,-60.2297,-38.8153,10.0697
1155,-59.8142,-22.6449,8.67432
1156,-57.8162,-38.7394,9.98893
1157,-68.6497,-27.4202,8.29998
1158,-57.7543,-33.1923,5.47385
1159,-63.2426,-28.6652,9.57245
1160,-61.3688,-28.159,6.06552
1161,-64.6776,-33.696,8.80876
1162,-59.4125,-20.0075,8.81275
1163,-59.9661,-30.9604,5.07967
1164,-61.3667,-29.1763,9.87443
1165,-58.6794,-27.4157,7.58236
1166,-63.4912,-23.0922,8.90762
1167,-59.5081,-35.4808,7.41183
1168,-65.452,-34.7384,9.7549
1169,-62.0951,-26.8629,7.93737
1170,-58.4357,-31.9745,6.38587
1171,-61.342,-27.1258,5.87328
1172,-61.8923,-38.7509,7.8518
1173,-63.3909,-33.3578,6.98327
1174,-61.8912,-34.3393,6.83023
1175,-61.2631,-26.8936,6.13425
1176,-62.6458,-28.4996,5.90671
1177,-59.3053,-24.7465,8.93628
1178,-61.3806,-27.5452,6.7722
1179,-60.398,-28.8349,9.03203
1180,-65.3896,-28.8444,7.09909
1181,-63.0339,-28.4086,5.8128
1182,-66.1209,-30.7716,5.12248
1183,-60.994,-31.6947,9.18537
1184,-61.1367,-32.9286,7.3407
1185,-68.1956,-27.0574,7.62389
1186,-60.7361,-35.7851,6.12546
1187,-62.1761,-30.4755,5.52203
1188,-62.1003,-21.9133,9.19836
1189,-62.4482,-29.7512,8.93791
1190,-65.6225,-29.3344,9.23817
1191,-69.828,-23.1485,9.54202
1192,-64.5103,-31.4024,5.17116
1193,-58.5669,-33.2076,8.67683
1194,-60.6731,-31.9716,5.87908
1195,-64.3192,-27.3533,5.28138
1196,-59.4246,-37.4096,9.15047
1197,-65.3311,-38.1771,6.84252
1198,-60.9282,-31.0717,7.86208
1199,-63.0215,-32.2375,8.39288
1200,-61.997,-33.1453,5.79885
1201,-57.6199,-37.5689,7.67925
1202,-65.339,-34.4991,9.21784
1203,-65.6289,-33.8947,9.25111
1204,-67.8328,-27.4934,6.52556
1205,-66.6948,-26.0215,8.65761
1206,-63.1268,-30.2156,5.98088
1207,-65.1903,-37.8004,8.6588
1208,-62.2409,-26.7503,9.77062
1209,-65.5127,-35.2157,5.27679
1210,-62.9519,-24.5147,5.76881
1211,-59.7047,-35.8671,8.60788
1212,-66.6144,-23.0414,9.62424
1213,-65.0683,-34.3521,8.90862
1214,-67.8185,-32.8339,9.35267
1215,-65.6287,-35.6762,5.29214
1216,-62.8495,-27.3774,5.91988
1217,-61.8549,-36.477,6.62995
1218,-65.705,-25.1367,9.31241
1219,-63.9074,-33.262,8.19444
1220,-64.6858,-34.7097,6.43658
1221,-58.6645,-36.6137,8.90221
1222,-63.0838,-33.2971,6.90008
1223,-70.7578,-32.3577,9.35107
1224,-65.499,-24.1798,7.11178
1225,-66.4828,-27.9877,7.47153
1226,-66.3025,-34.7816,9.06962
1227,-67.1244,-31.785,8.11692
1228,-67.5398,-38.2233,7.32021
1229,-65.7289,-31.9579,6.64888
1230,-69.0309,-29.7285,6.12514
1231,-65.8304,-31.3004,6.6598
1232,-64.5431,-35.9709,6.67233
1233,-62.4032,-28.412,8.31366
1234,-62.8275,-29.5859,8.84878
1235,-67.0514,-39.8514,9.19661
1236,-68.322,-33.1492,5.4509
1237,-66.1241,-33.1567,5.39312
1238,-64.2822,-30.9929,6.10186
1239,-65.3681,-34.8791,6.74191
1240,-65.2672,-31.0695,6.92218
1241,-69.3861,-34.2855,8.31666
1242,-71.2872,-28.288,8.2913
1243,-59.0138,-38.1468,7.60499
1244,-67.2713,-30.0916,7.73875
1245,-65.4027,-29.9057,5.09551
1246,-60.1535,-39.1969,9.68514
1247,-62.4897,-27.8503,9.94186
1248,-67.1955,-27.0991,9.2033
1249,-65.8622,-27.2213,5.07415
1250,-67.5789,-34.6984,5.54712
1251,-67.8467,-30.1873,7.46029
1252,-72.7813,-26.2169,9.54299
1253,-63.718,-31.0305,9.79564
1254,-67.1245,-29.9589,6.69875
1255,-68.7776,-35.1329,6.04195
1256,-64.4247,-33.1533,9.88877
1257,-68.1238,-29.2051,9.05455
1258,-70.096,-28.8589,9.40533
1259,-70.9754,-41.1898,8.28365
1260,-63.1373,-33.4597,8.58013
1261,-70.1693,-34.5694,6.33568
1262,-69.6181,-37.3778,5.16661
1263,-66.1498,-34.2653,9.22295
1264,-65.062,-32.4952,9.19957
1265,-72.7938,-33.3042,8.74495
1266,-61.2946,-39.4139,8.48978
1267,-69.2091,-29.5404,4.98945
1268,-64.9132,-33.4125,8.80635
1269,-70.1534,-35.3953,5.89999
1270,-65.7602,-37.5299,7.79172
1271,-70.5043,-29.8525,7.79721
1272,-65.8876,-34.3642,8.84329
1273,-70.4724,-35.9684,7.75595
1274,-70.4672,-25.4269,9.68243
1275,-69.9598,-31.2789,6.3015
1276,-72.8306,-36.2901,9.97342
1277,-65.4505,-37.3453,9.24814
1278,-66.4798,-27.1384,9.82977
1279,-67.2575,-34.6759,7.33685
1280,-66.4291,-34.5744,7.87185
1281,-68.1892,-37.794,9.19429
1282,-68.6875,-34.956,5.95256
1283,-68.6647,-33.2753,6.48848
1284,-71.4392,-35.8232,6.65189
1285,-71.6054,-37.0142,7.92916
1286,-67.2051,-31.5348,6.06501
1287,-69.1567,-38.9507,8.17825
1288,-69.451,-29.575,7.27634
1289,-68.8743,-30.4168,6.04445
1290,-64.9818,-32.1062,9.3855
1291,-67.8719,-35.3637,8.43157
1292,-64.1951,-36.4696,7.9312
1293,-68.0809,-31.4737,5.07743
1294,-67.2109,-40.4619,7.31135
1295,-66.8603,-33.26,5.86163
1296,-71.7083,-33.5722,5.26004
1297,-74.7723,-35.153,9.37439
1298,-67.7294,-33.5348,8.03398
1299,-72.0279,-43.7402,8.88989
1300,-67.0871,-35.5409,7.98291
1301,-73.4711,-31.9741,9.34704
1302,-68.4636,-31.019,8.80936
1303,-67.5916,-33.1885,6.55325
1304,-71.1044,-24.5377,8.59176
1305,-69.2429,-28.1419,9.18837
1306,-69.4561,-36.1215,8.23046
1307,-67.6156,-34.6543,6.23211
1308,-64.8664,-37.8438,6.31751
1309,-70.8482,-29.917,5.47011
1310,-75.3904,-31.6925,9.15697
1311,-69.8147,-39.8227,6.83152
1312,-73.9663,-35.0534,8.88119
1313,-71.7376,-35.1877,7.43068
1314,-70.9788,-35.5095,6.38387
1315,-70.7548,-29.2886,7.1034
1316,-71.3389,-29.8672,5.47808
1317,-71.3558,-27.78,9.14634
1318,-66.009,-35.2925,6.35686
1319,-67.5702,-38.6581,8.95784
1320,-74.0502,-35.3423,9.03349
1321,-73.8548,-33.4152,7.60352
1322,-72.365,-35.4342,8.76548
1323,-70.8659,-32.4199,7.69667
1324,-62.0771,-39.7429,8.76635
1325,-70.7087,-23.4034,9.18797
1326,-72.6294,-46.0236,9.57375
1327,-71.2572,-41.7133,9.38609
1328,-77.8093,-28.8224,7.71294
1329,-68.1553,-40.4579,7.10929
1330,-66.1853,-32.4352,8.37757
1331,-68.0203,-33.892,7.42984
1332,-68.3892,-33.387,7.42529
1333,-77.4851,-30.3624,8.00769
1334,-69.2045,-27.3372,7.39069
1335,-75.7606,-27.6991,7.67379
1336,-72.6156,-32.1512,9.39672
1337,-71.958,-37.4051,9.44171
1338,-67.9515,-37.4448,6.36861
1339,-69.5292,-37.7414,6.52615
1340,-73.7273,-31.5622,7.17677
1341,-65.9389,-34.3793,9.25094
1342,-70.8996,-30.458,6.66835
1343,-73.8782,-35.9249,9.10113
1344,-71.1348,-29.3861,6.00556
1345,-75.216,-33.6088,5.52581
1346,-72.5509,-36.3985,9.14408
1347,-71.0278,-32.0948,7.91369
1348,-71.8199,-37.008,6.46966
1349,-78.0282,-28.4724,7.63597
1350,-68.1295,-33.8114,8.62734
1351,-70.2436,-29.2541,6.65405
1352,-75.2687,-37.6627,8.59503
1353,-71.6648,-43.3055,9.28604
1354,-71.5433,-40.9966,5.93944
1355,-69.3948,-39.8976,6.00727
1356,-72.469,-35.8629,5.36363
1357,-68.195,-38.4989,6.21062
1358,-67.5943,-39.0102,8.91118
1359,-78.9164,-32.862,8.96014
1360,-73.2482,-39.0352,6.42955
1361,-73.6956,-31.452,8.56098
1362,-76.6109,-33.1292,8.50478
1363,-71.1625,-41.662,7.62353
1364,-68.6343,-38.8281,6.05583
1365,-77.0057,-33.0653,6.25647
1366,-73.9679,-35.3313,7.36674
1367,-67.4136,-35.117,9.73212
1368,-72.7445,-36.5857,6.34901
1369,-71.0479,-35.7187,6.40712
1370,-77.4371,-27.8664,9.54857
1371,-74.8794,-32.6771,6.39556
1372,-69.7322,-36.6734,7.33373
1373,-67.0546,-41.2503,9.70625
1374,-68.709,-38.3375,6.77309
1375,-73.0128,-29.1308,8.38003
1376,-68.902,-37.0603,7.13266
1377,-74.3103,-34.1797,7.14222
1378,-74.9988,-42.7642,7.92007
1379,-72.9523,-32.4711,5.3891
1380,-79.3249,-28.9353,9.69528
1381,-72.2459,-36.7061,6.57871
1382,-72.3876,-36.0913,7.36558
1383,-74.1849,-34.6496,5.41158
1384,-75.9683,-39.0801,7.20646
1385,-76.9107,-38.2319,8.03173
1386,-77.0581,-35.0271,7.72168
1387,-69.657,-41.3431,6.66761
1388,-75.1518,-36.2204,7.66515
1389,-70.3924,-37.765,9.93697
1390,-75.982,-34.6237,5.1017
1391,-71.4432,-31.1052,9.17345
1392,-72.0217,-27.0287,9.35467
1393,-68.5282,-39.4678,7.8957
1394,-76.278,-45.6087,8.01476
1395,-74.6745,-33.8351,9.49208
1396,-76.5093,-36.1385,6.80427
1397,-74.9537,-35.4795,6.7157
1398,-75.5603,-35.9409,6.52719
1399,-70.1513,-39.0828,6.60748
1400,-73.1102,-40.8622,6.89274
1401,-74.2425,-33.0382,5.13667
1402,-77.2534,-38.3558,6.50205
1403,-71.2985,-41.5423,6.6797
1404,-78.0455,-34.6758,6.60693
1405,-73.065,-34.6448,7.87895
1406,-77.2233,-31.8263,5.16635
1407,-72.5241,-42.777,8.21086
1408,-76.6055,-39.4718,5.60233
1409,-73.4434,-36.0471,8.68821
1410,-78.3021,-30.6584,8.60331
1411,-71.2475,-29.3982,9.84886
1412,-76.3631,-36.581,5.11434
1413,-77.1775,-31.8825,6.60437
1414,-72.6229,-38.9016,7.33191
1415,-80.4432,-31.7556,8.65699
1416,-74.1272,-43.3147,7.84055
1417,-69.8286,-39.3498,8.41364
1418,-81.8504,-29.3787,8.98035
1419,-73.2953,-40.3182,8.05477
1420,-76.2491,-34.3061,5.55485
1421,-73.9695,-41.1536,5.53545
1422,-74.349,-40.3714,6.27695
1423,-74.5432,-28.0425,7.42832
1424,-76.9608,-33.9026,5.96401
1425,-74.4406,-32.9235,6.55157
1426,-77.691,-37.6553,7.12775
1427,-74.7007,-36.9003,5.12794
1428,-75.5452,-32.895,6.3325
1429,-80.3477,-31.7314,8.29997
1430,-71.9821,-37.7256,9.8573
1431,-73.2549,-37.5521,6.43903
1432,-78.3276,-36.6338,8.86225
1433,-75.8895,-40.4492,8.45407
1434,-75.5272,-28.2728,7.05138
1435,-77.6723,-42.4247,5.53573
1436,-78.8178,-37.7507,8.67482
1437,-74.138,-38.9178,9.33611
1438,-76.3973,-41.1045,6.22597
1439,-78.1126,-39.5473,6.07591
1440,-73.6751,-40.5084,6.14636
1441,-78.0684,-40.3306,8.26721
1442,-76.1236,-31.2874,9.88515
1443,-74.9244,-35.9934,10.0672
1444,-74.9505,-35.1747,5.56696
1445,-74.8187,-26.7742,7.96584
1446,-77.0136,-35.7245,5.55292
1447,-76.8399,-28.8496,7.60097
1448,-73.3011,-41.6306,7.52986
1449,-75.0201,-37.3524,6.77646
1450,-77.1713,-39.3428,9.61951
1451,-82.371,-34.5922,8.63731
1452,-76.6614,-41.3569,8.56476
1453,-81.4746,-36.3725,8.19021
1454,-75.2325,-36.6656,7.54727
1455,-78.0025,-31.8645,6.83991
1456,-78.9354,-35.2894,5.54003
1457,-79.2912,-33.035,5.16985
1458,-80.1135,-40.1835,9.88367
1459,-76.2882,-36.9442,7.29186
1460,-80.8611,-48.7087,9.66333
1461,-86.7882,-32.7516,9.00836
1462,-81.1256,-38.8794,5.50813
1463,-82.1522,-32.1207,9.54469
1464,-77.7521,-35.4695,9.97058
1465,-77.6735,-34.1917,9.37954
1466,-83.0106,-35.4623,7.47733
1467,-73.3029,-41.7082,6.29896
1468,-76.3134,-45.8563,9.48298
1469,-81.2658,-32.6346,7.64959
1470,-75.181,-37.542,6.72403
1471,-79.827,-34.2375,5.43293
1472,-76.6251,-41.0893,6.28267
1473,-79.7664,-31.7491,8.71046
1474,-76.6057,-35.1525,8.43224
1475,-79.0041,-30.1693,7.82028
1476,-79.3117,-43.6872,5.9932
1477,-75.4101,-38.2709,6.16752
1478,-73.5627,-41.3784,5.69786
1479,-78.0884,-45.7107,8.3017
1480,-78.4968,-39.5842,5.38957
1481,-79.6964,-39.9284,5.21437
1482,-80.6702,-43.0542,9.13825
1483,-76.1142,-45.9677,8.44298
1484,-72.5716,-41.763,6.79322
1485,-82.0509,-32.8554,5.84885
1486,-81.2239,-36.3496,9.19834
1487,-80.8218,-38.9353,6.95344
1488,-74.5852,-38.3685,7.44966
1489,-74.6116,-41.0305,5.55694
1490,-82.5795,-45.7082,9.66654
1491,-80.9287,-41.1135,5.91745
